exchange,targetHotWallet,rank,address,isKnownExchangeHotWallet,depositAmountQuid,depositTransferCount,firstDepositAt,lastDepositAt
Upbit,0x07003d24d866a705af126a23d4ea4ac4ed85e02f,1,0x3f9cbe896566b60d7ce228bc740dd2744ada67b5,false,659817.578500114462876371,1,2026-08-04T14:06:41Z,2026-08-04T14:06:41Z
Upbit,0x07003d24d866a705af126a23d4ea4ac4ed85e02f,2,0x6dad34d67d76f453369efd06216ba85f00d117b5,false,441939.078753897023691817,1,2026-08-04T13:35:27Z,2026-08-04T13:35:27Z
Upbit,0x07003d24d866a705af126a23d4ea4ac4ed85e02f,3,0x7be95e473627d0c2b13b774a5bdf125c5236be96,false,400000,1,2026-08-04T13:41:01Z,2026-08-04T13:41:01Z
Upbit,0x07003d24d866a705af126a23d4ea4ac4ed85e02f,4,0x4193d6164912888abb8eb2a093929bcf4a240066,false,300000,1,2026-08-04T13:35:45Z,2026-08-04T13:35:45Z
Upbit,0x07003d24d866a705af126a23d4ea4ac4ed85e02f,5,0x3257772c9dbaf4feeba95e9938923054e3639565,false,282265.761156532454780045,1,2026-08-04T14:06:27Z,2026-08-04T14:06:27Z
Upbit,0x07003d24d866a705af126a23d4ea4ac4ed85e02f,6,0xe4eba9bb8de1a5b3667e81d553d2ed19d93d446c,false,275156.895120868716212362,1,2026-08-04T14:06:33Z,2026-08-04T14:06:33Z
Upbit,0x07003d24d866a705af126a23d4ea4ac4ed85e02f,7,0x6977adaaa47e2bd3e26a3aa2bae5a472aea2f259,false,223345.597175068879083679,2,2026-08-04T13:20:27Z,2026-08-04T13:35:43Z
Upbit,0x07003d24d866a705af126a23d4ea4ac4ed85e02f,8,0x79869697b5452d44048fde85340ab7c9295c864d,false,178317.590184924615934741,2,2026-08-04T13:40:43Z,2026-08-04T14:06:37Z
Upbit,0x07003d24d866a705af126a23d4ea4ac4ed85e02f,9,0x47283d8e38489ca2783a561c57f12e793dafba5a,false,159166.959571099574472125,1,2026-08-04T14:06:41Z,2026-08-04T14:06:41Z
Upbit,0x07003d24d866a705af126a23d4ea4ac4ed85e02f,10,0x740bb7a07ebaf211af52728d5eef625e9aeed40d,false,158350.907788336414726168,1,2026-08-04T14:06:39Z,2026-08-04T14:06:39Z
Upbit,0x07003d24d866a705af126a23d4ea4ac4ed85e02f,11,0x3d73813545c7ee068da84292f78e3ab6b660707f,false,131974.609005248468529502,1,2026-08-04T13:20:17Z,2026-08-04T13:20:17Z
Upbit,0x07003d24d866a705af126a23d4ea4ac4ed85e02f,12,0x15e3b2a75640ae7e3dc1079fd06334fc6bf5439d,false,120000,1,2026-08-04T14:06:43Z,2026-08-04T14:06:43Z
Upbit,0x07003d24d866a705af126a23d4ea4ac4ed85e02f,13,0x57517903c5faaaa6b2cfd405923ed96da2450fd8,false,118798.527216854459817648,4,2026-08-04T13:20:27Z,2026-08-04T14:06:29Z
Upbit,0x07003d24d866a705af126a23d4ea4ac4ed85e02f,14,0xd62555ab18ea8fa8566eea8e117b9e3ee4212d97,false,110524.03,1,2026-08-04T14:06:33Z,2026-08-04T14:06:33Z
Upbit,0x07003d24d866a705af126a23d4ea4ac4ed85e02f,15,0xeb87729d01deba5cb7a5abdd80e271ab402ad705,false,86373.8849,2,2026-08-04T13:40:47Z,2026-08-04T14:06:35Z
Upbit,0x07003d24d866a705af126a23d4ea4ac4ed85e02f,16,0x6cd630e29d2bc4ac692a4143a9286a3501ed5add,false,84190.63833,1,2026-08-04T14:06:39Z,2026-08-04T14:06:39Z
Upbit,0x07003d24d866a705af126a23d4ea4ac4ed85e02f,17,0x4fc0dcea6f90ad985639a752331b082aeaab1ce1,false,77777.777777777777777777,1,2026-08-04T13:20:27Z,2026-08-04T13:20:27Z
Upbit,0x07003d24d866a705af126a23d4ea4ac4ed85e02f,18,0x66bedeb80798e67b89f5af2bf57592703d0c0ebd,false,75698.386294693211021681,1,2026-08-04T13:40:59Z,2026-08-04T13:40:59Z
Upbit,0x07003d24d866a705af126a23d4ea4ac4ed85e02f,19,0x361364e89bbd3bcf851b818dc3c8bf963ef108f0,false,70000,1,2026-08-04T13:35:47Z,2026-08-04T13:35:47Z
Upbit,0x07003d24d866a705af126a23d4ea4ac4ed85e02f,20,0x1e40b94d026a58f23fdbc20b8354c816bdd3dac9,false,66666.666666666666666666,2,2026-08-04T13:20:15Z,2026-08-04T13:35:47Z
Upbit,0x07003d24d866a705af126a23d4ea4ac4ed85e02f,21,0xf13496ae45fd5255a31ec2d16744f718139f41fc,false,66374.606285,1,2026-08-04T14:06:37Z,2026-08-04T14:06:37Z
Upbit,0x07003d24d866a705af126a23d4ea4ac4ed85e02f,22,0x846b0a320c3397f2880b59095c4b4ae5085cdbd4,false,65555.666666666666666666,1,2026-08-04T13:35:31Z,2026-08-04T13:35:31Z
Upbit,0x07003d24d866a705af126a23d4ea4ac4ed85e02f,23,0x2659ab99ab1aeb782081c6021479f64ba8f1dec5,false,65183.989404287103709832,2,2026-08-04T13:35:29Z,2026-08-04T14:06:43Z
Upbit,0x07003d24d866a705af126a23d4ea4ac4ed85e02f,24,0xe49575e4711c2820f15d8d31a500ac3c9871fd2c,false,61061.7518792058938829,1,2026-08-04T14:06:33Z,2026-08-04T14:06:33Z
Upbit,0x07003d24d866a705af126a23d4ea4ac4ed85e02f,25,0x073778f1f9960b697a79fcd9e0069ca8165d4dc2,false,55778.950107262032135915,1,2026-08-04T13:35:43Z,2026-08-04T13:35:43Z
Upbit,0x07003d24d866a705af126a23d4ea4ac4ed85e02f,26,0xe2ea1951283821cc2784e5a57d50e39cfe30dfa3,false,55555.555555555555555555,1,2026-08-04T13:35:43Z,2026-08-04T13:35:43Z
Upbit,0x07003d24d866a705af126a23d4ea4ac4ed85e02f,27,0x0be3864c30a54610ca3bcd4b036707b22195df00,false,55544,1,2026-08-04T13:35:49Z,2026-08-04T13:35:49Z
Upbit,0x07003d24d866a705af126a23d4ea4ac4ed85e02f,28,0x110431d2e294a2a095ca1f86ddf1668ff4f15ece,false,54444,2,2026-08-04T13:35:49Z,2026-08-04T14:06:37Z
Upbit,0x07003d24d866a705af126a23d4ea4ac4ed85e02f,29,0x4e85b55ea1536f0f3ab7a7473dd5a43ffc77587c,false,51566.520730033350551678,1,2026-08-04T14:06:41Z,2026-08-04T14:06:41Z
Upbit,0x07003d24d866a705af126a23d4ea4ac4ed85e02f,30,0xbae6576e76f7a09d7fd779928c63d417aa446bea,false,48033.6112,2,2026-08-04T13:40:47Z,2026-08-04T14:06:31Z
Upbit,0x07003d24d866a705af126a23d4ea4ac4ed85e02f,31,0x3e96e5cb37c153ed8aac45dc0cdb8a91f4341906,false,43113.464865122012809616,1,2026-08-04T13:35:47Z,2026-08-04T13:35:47Z
Upbit,0x07003d24d866a705af126a23d4ea4ac4ed85e02f,32,0x1571a419a73589b5be9f0df5694897d5b3d74de5,false,40000,2,2026-08-04T13:35:49Z,2026-08-04T13:40:53Z
Upbit,0x07003d24d866a705af126a23d4ea4ac4ed85e02f,33,0xcef8254ac0d7b0491ca06ca5c3901e4749523a97,false,39918.18036099921916377,1,2026-08-04T14:06:33Z,2026-08-04T14:06:33Z
Upbit,0x07003d24d866a705af126a23d4ea4ac4ed85e02f,34,0x9487f7b408b8d1f4ad5bddd439ee2e74ef7e4364,false,39911.775582931064323927,1,2026-08-04T14:06:31Z,2026-08-04T14:06:31Z
Upbit,0x07003d24d866a705af126a23d4ea4ac4ed85e02f,35,0x412f1212b75ffa0ee2e01c14fa693dffec00de69,false,39309.824415,1,2026-08-04T14:06:41Z,2026-08-04T14:06:41Z
Upbit,0x07003d24d866a705af126a23d4ea4ac4ed85e02f,36,0xbf2aae8f45355d78719f0b8df70430722b85888c,false,38888.888888888888888888,1,2026-08-04T13:20:31Z,2026-08-04T13:20:31Z
Upbit,0x07003d24d866a705af126a23d4ea4ac4ed85e02f,37,0x4f271cdf64ec0f612cfda2cd20091e22eeca226a,false,37014.9514207339147575,1,2026-08-04T14:06:39Z,2026-08-04T14:06:39Z
Upbit,0x07003d24d866a705af126a23d4ea4ac4ed85e02f,38,0xfaf0b0b0a1c39b6199a1110b6d83b2fdf2576908,false,31874.492086700623835215,1,2026-08-04T13:40:51Z,2026-08-04T13:40:51Z
Upbit,0x07003d24d866a705af126a23d4ea4ac4ed85e02f,39,0x6635bac378b130203d5298dbf563e6a75d4ad421,false,30555.555555555555555555,1,2026-08-04T13:35:43Z,2026-08-04T13:35:43Z
Upbit,0x07003d24d866a705af126a23d4ea4ac4ed85e02f,40,0x9d92be3ee14373d96fa35a17cd93a8c67673b354,false,30286.3849,1,2026-08-04T14:06:31Z,2026-08-04T14:06:31Z
Upbit,0x07003d24d866a705af126a23d4ea4ac4ed85e02f,41,0x29e5876da4f97ae6271907dd65218ded83462f41,false,30000,1,2026-08-04T13:40:55Z,2026-08-04T13:40:55Z
Upbit,0x07003d24d866a705af126a23d4ea4ac4ed85e02f,42,0xdba7aaee7854dc170ecbe47be0060d57349bdb70,false,28359.714751134955884819,1,2026-08-04T13:40:45Z,2026-08-04T13:40:45Z
Upbit,0x07003d24d866a705af126a23d4ea4ac4ed85e02f,43,0x1f3614d091c66405436c81f4b9ec49be4037c7b1,false,28242.611405834529625747,1,2026-08-04T14:06:43Z,2026-08-04T14:06:43Z
Upbit,0x07003d24d866a705af126a23d4ea4ac4ed85e02f,44,0x9c307f615997dd0b52302078192c5dba2cac6bdc,false,24842,1,2026-08-04T13:40:39Z,2026-08-04T13:40:39Z
Upbit,0x07003d24d866a705af126a23d4ea4ac4ed85e02f,45,0x7a06dcd9177a6b789449137e07c7089397e3cba1,false,23933.333333333333333333,1,2026-08-04T13:20:29Z,2026-08-04T13:20:29Z
Upbit,0x07003d24d866a705af126a23d4ea4ac4ed85e02f,46,0x3aa1b446a65d24b41646f68c23ef59c2c8d68185,false,23000,1,2026-08-04T13:40:57Z,2026-08-04T13:40:57Z
Upbit,0x07003d24d866a705af126a23d4ea4ac4ed85e02f,47,0xba7ddfb864d7f0f63a803bf7a0808902c0ce445e,false,22879.819552143277581384,1,2026-08-04T13:35:39Z,2026-08-04T13:35:39Z
Upbit,0x07003d24d866a705af126a23d4ea4ac4ed85e02f,48,0xa1e02a70fad04578f3ef4dfdcf69dcffb51d1cc9,false,22222.222224444444444444,1,2026-08-04T13:40:51Z,2026-08-04T13:40:51Z
Upbit,0x07003d24d866a705af126a23d4ea4ac4ed85e02f,49,0x873c96075ba7dc8e7c49e353e8163d70554cd52a,false,21944.064338794561486031,2,2026-08-04T13:35:33Z,2026-08-04T14:06:29Z
Upbit,0x07003d24d866a705af126a23d4ea4ac4ed85e02f,50,0x01e44e461b721c2cb3f9239362b27963980ca9ca,false,21125.194222184827638591,1,2026-08-04T13:40:57Z,2026-08-04T13:40:57Z
Upbit,0x07003d24d866a705af126a23d4ea4ac4ed85e02f,51,0x146fe55dfa2530bed676856dcb3d67a197372020,false,20500,1,2026-08-04T13:40:51Z,2026-08-04T13:40:51Z
Upbit,0x07003d24d866a705af126a23d4ea4ac4ed85e02f,52,0xe8fac943663b1ac02537040111c430b179c5d928,false,20000,1,2026-08-04T13:40:43Z,2026-08-04T13:40:43Z
Upbit,0x07003d24d866a705af126a23d4ea4ac4ed85e02f,53,0xa457f943449463e0fb2945ea8f7aa5a5f195133f,false,18000,1,2026-08-04T13:35:39Z,2026-08-04T13:35:39Z
Upbit,0x07003d24d866a705af126a23d4ea4ac4ed85e02f,54,0x6ecb08e553cf63b40675351163aab0b5439d8619,false,17777.777777777777777778,1,2026-08-04T14:06:39Z,2026-08-04T14:06:39Z
Upbit,0x07003d24d866a705af126a23d4ea4ac4ed85e02f,55,0x6f8903c7bae8fd4435a36ce3d48bcbb7937982e6,false,17201.854077756271369448,1,2026-08-04T14:06:39Z,2026-08-04T14:06:39Z
Upbit,0x07003d24d866a705af126a23d4ea4ac4ed85e02f,56,0x389a468631fcd98e7648ca703f4ef9e1de382f41,false,16741.906744028190544056,1,2026-08-04T13:35:47Z,2026-08-04T13:35:47Z
Upbit,0x07003d24d866a705af126a23d4ea4ac4ed85e02f,57,0x8cab2920effdce53c9c7a703bb6f8108b8181ff7,false,16196.229800489691425571,1,2026-08-04T14:06:31Z,2026-08-04T14:06:31Z
Upbit,0x07003d24d866a705af126a23d4ea4ac4ed85e02f,58,0xd3cc470b31ba849f1b0df862ea4d0ac8921f9c3f,false,16091.570764119795551043,1,2026-08-04T14:06:29Z,2026-08-04T14:06:29Z
Upbit,0x07003d24d866a705af126a23d4ea4ac4ed85e02f,59,0xc9cee0adc1996948060917fc2d5d1c9c3d7df23d,false,16001.680825095697817768,1,2026-08-04T13:40:43Z,2026-08-04T13:40:43Z
Upbit,0x07003d24d866a705af126a23d4ea4ac4ed85e02f,60,0xea2e802471174689477f18b9dcfafdab7cb8c752,false,16000,1,2026-08-04T14:06:35Z,2026-08-04T14:06:35Z
Upbit,0x07003d24d866a705af126a23d4ea4ac4ed85e02f,61,0x798b811f06ca4036b5c43e29e17ee7c20ac7b2ab,false,15622.606695,2,2026-08-04T13:35:31Z,2026-08-04T13:41:01Z
Upbit,0x07003d24d866a705af126a23d4ea4ac4ed85e02f,62,0xac89f085bea00ae58e5ebef988e3c2addefc6b4a,false,15000,1,2026-08-04T13:20:31Z,2026-08-04T13:20:31Z
Upbit,0x07003d24d866a705af126a23d4ea4ac4ed85e02f,63,0x5951f3f3691b17aa5f8329fb696bd5a44875c2b6,false,12635.913757979861535443,1,2026-08-04T13:35:45Z,2026-08-04T13:35:45Z
Upbit,0x07003d24d866a705af126a23d4ea4ac4ed85e02f,64,0xe394e50f2f1f511c013adde9e9568e8de5d9de59,false,11245.18043,1,2026-08-04T13:40:45Z,2026-08-04T13:40:45Z
Upbit,0x07003d24d866a705af126a23d4ea4ac4ed85e02f,65,0xf22867aeadd7a784f359d8b12d63e8b5ecb9e46a,false,11111.222222222222222222,1,2026-08-04T13:40:51Z,2026-08-04T13:40:51Z
Upbit,0x07003d24d866a705af126a23d4ea4ac4ed85e02f,66,0x7e486f91fc2444ab5641272a0155069c6e98380f,false,11111.11,1,2026-08-04T13:41:01Z,2026-08-04T13:41:01Z
Upbit,0x07003d24d866a705af126a23d4ea4ac4ed85e02f,67,0xaa6dadff165ba01dfe04201cd9f067d389d7b7ba,false,10217.908929014933073443,1,2026-08-04T14:06:31Z,2026-08-04T14:06:31Z
Upbit,0x07003d24d866a705af126a23d4ea4ac4ed85e02f,68,0x30a8271a479b7fcd8c495efccd08a9fdcc871bb5,false,9000,1,2026-08-04T13:40:57Z,2026-08-04T13:40:57Z
Upbit,0x07003d24d866a705af126a23d4ea4ac4ed85e02f,69,0xb2a94abfa7669ce2517976487c5e063e25998338,false,9000,1,2026-08-04T13:40:41Z,2026-08-04T13:40:41Z
Upbit,0x07003d24d866a705af126a23d4ea4ac4ed85e02f,70,0xd8fb7e0f47d893bb4d672a8fdb8832473fc32728,false,8382.703899320187275519,1,2026-08-04T13:35:43Z,2026-08-04T13:35:43Z
Upbit,0x07003d24d866a705af126a23d4ea4ac4ed85e02f,71,0x4e71ba0945b49bf158fd32713a5777d37a74ee79,false,7279.237741553438725393,1,2026-08-04T13:40:57Z,2026-08-04T13:40:57Z
Upbit,0x07003d24d866a705af126a23d4ea4ac4ed85e02f,72,0x0f347c6f1afda96a7ef8d39e857f9ac83ec4dd9a,false,7000,1,2026-08-04T13:20:15Z,2026-08-04T13:20:15Z
Upbit,0x07003d24d866a705af126a23d4ea4ac4ed85e02f,73,0x98b71a667092c3119e52847f700208cf67d28eed,false,6666,1,2026-08-04T13:35:33Z,2026-08-04T13:35:33Z
Upbit,0x07003d24d866a705af126a23d4ea4ac4ed85e02f,74,0x2795ff1287795828aaaf9ea4aee5dde716243627,false,6500,1,2026-08-04T13:40:55Z,2026-08-04T13:40:55Z
Upbit,0x07003d24d866a705af126a23d4ea4ac4ed85e02f,75,0x397d557eca2192bcd66918f5c72d1fff4f496580,false,6250.000000000000000001,1,2026-08-04T14:06:41Z,2026-08-04T14:06:41Z
Upbit,0x07003d24d866a705af126a23d4ea4ac4ed85e02f,76,0x1773643a20ff3e456f3c1019c9cef8d6662b04f8,false,6111.11,1,2026-08-04T14:06:43Z,2026-08-04T14:06:43Z
Upbit,0x07003d24d866a705af126a23d4ea4ac4ed85e02f,77,0xe5d91216c46ef1e8e055a95550672597a712ca24,false,5944,1,2026-08-04T13:35:29Z,2026-08-04T13:35:29Z
Upbit,0x07003d24d866a705af126a23d4ea4ac4ed85e02f,78,0xcd4b2263a82ee4c11faa19b53d1b37fc552ee674,false,5611.111111111111111111,1,2026-08-04T13:35:41Z,2026-08-04T13:35:41Z
Upbit,0x07003d24d866a705af126a23d4ea4ac4ed85e02f,79,0xca62ea8a1f2ea7b325db61b19e7f6955306c7a28,false,5050,1,2026-08-04T14:06:31Z,2026-08-04T14:06:31Z
Upbit,0x07003d24d866a705af126a23d4ea4ac4ed85e02f,80,0x89163568eeaa81131b10f346b07f0a887790a847,false,5000,1,2026-08-04T13:41:01Z,2026-08-04T13:41:01Z
Upbit,0x07003d24d866a705af126a23d4ea4ac4ed85e02f,81,0xf85b2ed25a977587100529b0e3fe6291a2e0c5b4,false,4761.01778,1,2026-08-04T13:35:41Z,2026-08-04T13:35:41Z
Upbit,0x07003d24d866a705af126a23d4ea4ac4ed85e02f,82,0x8b16518537a2416fa9efedeb94f4cea838debc29,false,4601.072259847458433669,1,2026-08-04T13:20:29Z,2026-08-04T13:20:29Z
Upbit,0x07003d24d866a705af126a23d4ea4ac4ed85e02f,83,0xead5f052b46c36d3b5bc28e546d60b266fb8947e,false,4444.444444444444444444,1,2026-08-04T13:20:31Z,2026-08-04T13:20:31Z
Upbit,0x07003d24d866a705af126a23d4ea4ac4ed85e02f,84,0xf38615452ae83bdb24f78115f4fd88a7aa8616da,false,4444.444444444444444444,1,2026-08-04T13:35:43Z,2026-08-04T13:35:43Z
Upbit,0x07003d24d866a705af126a23d4ea4ac4ed85e02f,85,0xf1472682619c69f51346e5f48786fb04f8b0a327,false,4238.838850760460769443,1,2026-08-04T13:40:49Z,2026-08-04T13:40:49Z
Upbit,0x07003d24d866a705af126a23d4ea4ac4ed85e02f,86,0xd83b526645dbacc16ad815ac8c77bd281304a8c4,false,4000,1,2026-08-04T13:40:39Z,2026-08-04T13:40:39Z
Upbit,0x07003d24d866a705af126a23d4ea4ac4ed85e02f,87,0x7591e86a970618192198f01e15c25f1484c2f651,false,3928.15519056355124584,1,2026-08-04T14:06:33Z,2026-08-04T14:06:33Z
Upbit,0x07003d24d866a705af126a23d4ea4ac4ed85e02f,88,0xdd14b63581f275d16ef224d1513110f33be6e30f,false,3832.643203296800608048,1,2026-08-04T13:40:43Z,2026-08-04T13:40:43Z
Upbit,0x07003d24d866a705af126a23d4ea4ac4ed85e02f,89,0xb51dcb63d747a2b365346bccad156696ca213f2a,false,3742.6660353468716769,1,2026-08-04T13:40:49Z,2026-08-04T13:40:49Z
Upbit,0x07003d24d866a705af126a23d4ea4ac4ed85e02f,90,0x4f34c4d12a6232823bd9f42a4cb98844fbe99952,false,3268.416521872508177347,1,2026-08-04T13:35:45Z,2026-08-04T13:35:45Z
Upbit,0x07003d24d866a705af126a23d4ea4ac4ed85e02f,91,0xda3be7fa05b4acad5be726ea6a4918e955886b19,false,2994.11,1,2026-08-04T13:40:47Z,2026-08-04T13:40:47Z
Upbit,0x07003d24d866a705af126a23d4ea4ac4ed85e02f,92,0x9a700dc872c3f0cc6d2f0543fb0edc47aa3d9bf7,false,2555.555555555555555556,1,2026-08-04T13:41:01Z,2026-08-04T13:41:01Z
Upbit,0x07003d24d866a705af126a23d4ea4ac4ed85e02f,93,0xa836256cbb8acfe066fb0a0efc77d9f64d031db9,false,2441.441958266184270623,1,2026-08-04T13:40:41Z,2026-08-04T13:40:41Z
Upbit,0x07003d24d866a705af126a23d4ea4ac4ed85e02f,94,0x2fc1a2e1bd791888718fb9fec05218ecfd4aa273,false,2222.222222222222222222,1,2026-08-04T13:20:17Z,2026-08-04T13:20:17Z
Upbit,0x07003d24d866a705af126a23d4ea4ac4ed85e02f,95,0x328bc9849dafff70331ff37b7cb45ac1dd7dbafd,false,2222.222222222222222222,1,2026-08-04T13:35:47Z,2026-08-04T13:35:47Z
Upbit,0x07003d24d866a705af126a23d4ea4ac4ed85e02f,96,0x6e00ccf1265d65b6e62124b77febcd95c2992653,false,2222.222222222222222222,1,2026-08-04T13:35:43Z,2026-08-04T13:35:43Z
Upbit,0x07003d24d866a705af126a23d4ea4ac4ed85e02f,97,0xe434231f1226212e284dafa825bb431136683fd5,false,1903.777828707596049698,1,2026-08-04T13:40:45Z,2026-08-04T13:40:45Z
Upbit,0x07003d24d866a705af126a23d4ea4ac4ed85e02f,98,0x8f1748437c4c4105e9c9ec36d26ef9fdd06d0a1c,false,1000,1,2026-08-04T13:20:31Z,2026-08-04T13:20:31Z
Upbit,0x07003d24d866a705af126a23d4ea4ac4ed85e02f,99,0xe11726859f501dab5c2a95fa9ee2cdfa5f3f9961,false,849.998323889420667876,1,2026-08-04T13:20:31Z,2026-08-04T13:20:31Z
Upbit,0x07003d24d866a705af126a23d4ea4ac4ed85e02f,100,0xe50734bb43aa376bace391d43344b51d1ec5f8b0,false,829.905307241060827203,1,2026-08-04T13:35:43Z,2026-08-04T13:35:43Z
Upbit,0x99c39d665c353920ada681b306a927d14978a345,1,0x2172c5964e1a999da236a97f2898eff67210de5a,false,925974.832567377682550836,1,2026-08-04T13:48:03Z,2026-08-04T13:48:03Z
Upbit,0x99c39d665c353920ada681b306a927d14978a345,2,0x1af2517b9146c7ec25c014efeee61cf13bddf756,false,800000,1,2026-08-04T13:48:15Z,2026-08-04T13:48:15Z
Upbit,0x99c39d665c353920ada681b306a927d14978a345,3,0xc340579810fb4775957347552e056ddf0d65910a,false,752042.157526190580483354,2,2026-08-04T13:25:39Z,2026-08-04T13:25:45Z
Upbit,0x99c39d665c353920ada681b306a927d14978a345,4,0x8c795060e7a0d4304d1f565c61480fad3cf0e025,false,746321.375670080789262425,1,2026-08-04T13:25:39Z,2026-08-04T13:25:39Z
Upbit,0x99c39d665c353920ada681b306a927d14978a345,5,0x83038f3182e5cef9a50e2b770bff1a4056b03376,false,473936.523314330517792359,1,2026-08-04T13:48:05Z,2026-08-04T13:48:05Z
Upbit,0x99c39d665c353920ada681b306a927d14978a345,6,0x791235d39819e989a12ac4218fcdd24e48ea80f4,false,435519.629618447619432694,1,2026-08-04T13:48:31Z,2026-08-04T13:48:31Z
Upbit,0x99c39d665c353920ada681b306a927d14978a345,7,0x96586d96e8bafaa2af5ef37dc95958b9b454f208,false,246823.296272516170934258,1,2026-08-04T13:48:35Z,2026-08-04T13:48:35Z
Upbit,0x99c39d665c353920ada681b306a927d14978a345,8,0x4ecca4d8ca05e02e6c5dd9087d29fbbf39e8b90c,false,220202.114049922512896788,1,2026-08-04T13:48:27Z,2026-08-04T13:48:27Z
Upbit,0x99c39d665c353920ada681b306a927d14978a345,9,0x1da712b8140195ea524ce02ddb721aa6e38193bd,false,197307.379634379120399411,1,2026-08-04T13:48:15Z,2026-08-04T13:48:15Z
Upbit,0x99c39d665c353920ada681b306a927d14978a345,10,0x9d92be3ee14373d96fa35a17cd93a8c67673b354,false,183893.543113172404978782,1,2026-08-04T13:48:37Z,2026-08-04T13:48:37Z
Upbit,0x99c39d665c353920ada681b306a927d14978a345,11,0x663133d5a75f13213e1ac08d054e4e10a8f9c556,false,180146.412963251297441361,1,2026-08-04T13:48:03Z,2026-08-04T13:48:03Z
Upbit,0x99c39d665c353920ada681b306a927d14978a345,12,0x721af2f3b17e4b380be8f535d105179d82b9dcb5,false,177777.777777777777777777,1,2026-08-04T13:48:05Z,2026-08-04T13:48:05Z
Upbit,0x99c39d665c353920ada681b306a927d14978a345,13,0x44d962e79653e32b2fa6d7a705650749d015fa94,false,171386.57,1,2026-08-04T13:48:25Z,2026-08-04T13:48:25Z
Upbit,0x99c39d665c353920ada681b306a927d14978a345,14,0x8f1748437c4c4105e9c9ec36d26ef9fdd06d0a1c,false,165666.666666666666666666,1,2026-08-04T13:25:43Z,2026-08-04T13:25:43Z
Upbit,0x99c39d665c353920ada681b306a927d14978a345,15,0x80f6d5ad3a840796b983f27bb1b240c54bf18965,false,143839.771822186901456477,1,2026-08-04T13:48:33Z,2026-08-04T13:48:33Z
Upbit,0x99c39d665c353920ada681b306a927d14978a345,16,0x1571a419a73589b5be9f0df5694897d5b3d74de5,false,142908.263414520655298674,1,2026-08-04T13:48:11Z,2026-08-04T13:48:11Z
Upbit,0x99c39d665c353920ada681b306a927d14978a345,17,0x19b04a666f67999383c8d4b809fa0d2cfbcd6da1,false,137901.966944924779893352,1,2026-08-04T13:48:13Z,2026-08-04T13:48:13Z
Upbit,0x99c39d665c353920ada681b306a927d14978a345,18,0x31c9b1ee6b754de0b76b32199e244600ab242f59,false,135100,1,2026-08-04T13:25:41Z,2026-08-04T13:25:41Z
Upbit,0x99c39d665c353920ada681b306a927d14978a345,19,0x74828e5393f6a1c63dcafbfc1bb3de36ca81b9be,false,121222.22222222222,1,2026-08-04T13:48:05Z,2026-08-04T13:48:05Z
Upbit,0x99c39d665c353920ada681b306a927d14978a345,20,0x073778f1f9960b697a79fcd9e0069ca8165d4dc2,false,100871.616683504337995669,2,2026-08-04T13:25:49Z,2026-08-04T13:47:59Z
Upbit,0x99c39d665c353920ada681b306a927d14978a345,21,0x6dcbf9a02c37d907b90f83a75b18e77b98e85735,false,100000,1,2026-08-04T13:48:31Z,2026-08-04T13:48:31Z
Upbit,0x99c39d665c353920ada681b306a927d14978a345,22,0x878c6ac33329b70ed181aa78085363ea6cbf6fc2,false,100000,1,2026-08-04T13:48:33Z,2026-08-04T13:48:33Z
Upbit,0x99c39d665c353920ada681b306a927d14978a345,23,0x4f271cdf64ec0f612cfda2cd20091e22eeca226a,false,92424.550211428090708632,1,2026-08-04T13:47:57Z,2026-08-04T13:47:57Z
Upbit,0x99c39d665c353920ada681b306a927d14978a345,24,0x8de95e3ea4e07f208948ebae550ec32395db00f5,false,90000,1,2026-08-04T13:25:43Z,2026-08-04T13:25:43Z
Upbit,0x99c39d665c353920ada681b306a927d14978a345,25,0x1f3614d091c66405436c81f4b9ec49be4037c7b1,false,81790.325078749407568585,1,2026-08-04T13:47:57Z,2026-08-04T13:47:57Z
Upbit,0x99c39d665c353920ada681b306a927d14978a345,26,0x9a7de3f135c4704e7745c197c206c1297ea3558c,false,81062,1,2026-08-04T13:48:37Z,2026-08-04T13:48:37Z
Upbit,0x99c39d665c353920ada681b306a927d14978a345,27,0x21d2529e8881db085328b74e5a8ef45c4da62b40,false,80000,1,2026-08-04T13:48:17Z,2026-08-04T13:48:17Z
Upbit,0x99c39d665c353920ada681b306a927d14978a345,28,0x53f833ef50c7d3faada43ec2cfc476ea39461691,false,74208.509710234885524531,1,2026-08-04T13:48:27Z,2026-08-04T13:48:27Z
Upbit,0x99c39d665c353920ada681b306a927d14978a345,29,0x4a87098f142ec4bf5c4ca30d89478fc74cce9f3d,false,72330.150263950422901303,1,2026-08-04T13:48:27Z,2026-08-04T13:48:27Z
Upbit,0x99c39d665c353920ada681b306a927d14978a345,30,0x66bedeb80798e67b89f5af2bf57592703d0c0ebd,false,70154.062912232844304182,1,2026-08-04T13:48:31Z,2026-08-04T13:48:31Z
Upbit,0x99c39d665c353920ada681b306a927d14978a345,31,0x2a4a71c97b7c01d9e5df982b9e79354db8bdd18e,false,70100,2,2026-08-04T13:25:41Z,2026-08-04T13:48:19Z
Upbit,0x99c39d665c353920ada681b306a927d14978a345,32,0x36546541fd6b09ea180f0edec52e58adf5378741,false,66800.184748521400642217,1,2026-08-04T13:48:23Z,2026-08-04T13:48:23Z
Upbit,0x99c39d665c353920ada681b306a927d14978a345,33,0x2b6c539135519f4b9520a0ee91a47d86f443565a,false,66666.66666,1,2026-08-04T13:25:51Z,2026-08-04T13:25:51Z
Upbit,0x99c39d665c353920ada681b306a927d14978a345,34,0x4137e8670e141d2dc4da94b3dbad8ea5de4a1cfb,false,63013.686555418785395605,1,2026-08-04T13:48:25Z,2026-08-04T13:48:25Z
Upbit,0x99c39d665c353920ada681b306a927d14978a345,35,0x4bb60d0b8efdfb4e4c90a3f9ea39f5175a98a533,false,56191.555583829853570314,1,2026-08-04T13:48:27Z,2026-08-04T13:48:27Z
Upbit,0x99c39d665c353920ada681b306a927d14978a345,36,0x5985804d6795ed9653a22a4f9c30e3d33e767c11,false,50000.393058719656006063,1,2026-08-04T13:48:29Z,2026-08-04T13:48:29Z
Upbit,0x99c39d665c353920ada681b306a927d14978a345,37,0x2bcd5ba24b1cf57a846d287acab3f601aceafddf,false,50000,1,2026-08-04T13:48:03Z,2026-08-04T13:48:03Z
Upbit,0x99c39d665c353920ada681b306a927d14978a345,38,0x7fa700beb918306743e780db727713029bbe6f97,false,50000,1,2026-08-04T13:48:33Z,2026-08-04T13:48:33Z
Upbit,0x99c39d665c353920ada681b306a927d14978a345,39,0x57517903c5faaaa6b2cfd405923ed96da2450fd8,false,48000,1,2026-08-04T13:48:03Z,2026-08-04T13:48:03Z
Upbit,0x99c39d665c353920ada681b306a927d14978a345,40,0x9487f7b408b8d1f4ad5bddd439ee2e74ef7e4364,false,42889.958218769210648944,1,2026-08-04T13:48:35Z,2026-08-04T13:48:35Z
Upbit,0x99c39d665c353920ada681b306a927d14978a345,41,0x0752b0d325443e1fdeec4c4127d33a9e79660186,false,42160.386516460314261855,1,2026-08-04T13:48:09Z,2026-08-04T13:48:09Z
Upbit,0x99c39d665c353920ada681b306a927d14978a345,42,0xabbd22a35001c8d9257884f5a5ae10a4a3dd0516,false,41299.037061179226852023,1,2026-08-04T13:48:07Z,2026-08-04T13:48:07Z
Upbit,0x99c39d665c353920ada681b306a927d14978a345,43,0x433052613de25d7d4a5bcdd8e22d8474ef23259c,false,41234.534219556611155463,1,2026-08-04T13:48:25Z,2026-08-04T13:48:25Z
Upbit,0x99c39d665c353920ada681b306a927d14978a345,44,0x22bb540af3474fbe91ce27b38b3ba1777e684f64,false,40413.53951223884466857,1,2026-08-04T13:48:17Z,2026-08-04T13:48:17Z
Upbit,0x99c39d665c353920ada681b306a927d14978a345,45,0x12437ab88b35d8b402a64b4aa60cd2039306135a,false,40000,1,2026-08-04T13:48:11Z,2026-08-04T13:48:11Z
Upbit,0x99c39d665c353920ada681b306a927d14978a345,46,0x7357b139e17c12942e6217214762b23d523e55b9,false,36862.119128342863946025,1,2026-08-04T13:48:31Z,2026-08-04T13:48:31Z
Upbit,0x99c39d665c353920ada681b306a927d14978a345,47,0x7a06dcd9177a6b789449137e07c7089397e3cba1,false,33348.653106117461761785,1,2026-08-04T13:48:33Z,2026-08-04T13:48:33Z
Upbit,0x99c39d665c353920ada681b306a927d14978a345,48,0x8e333b9b25fd3585fcb5512c631e839ae3935af9,false,31271.247898727930772162,1,2026-08-04T13:48:35Z,2026-08-04T13:48:35Z
Upbit,0x99c39d665c353920ada681b306a927d14978a345,49,0x15e3b2a75640ae7e3dc1079fd06334fc6bf5439d,false,30200,1,2026-08-04T13:48:01Z,2026-08-04T13:48:01Z
Upbit,0x99c39d665c353920ada681b306a927d14978a345,50,0x4438632d982a69dce802a27be579eedd503f07e3,false,30000,1,2026-08-04T13:48:25Z,2026-08-04T13:48:25Z
Upbit,0x99c39d665c353920ada681b306a927d14978a345,51,0x621de5279b480cd1be06a08780b16f73f7069cc1,false,30000,1,2026-08-04T13:48:31Z,2026-08-04T13:48:31Z
Upbit,0x99c39d665c353920ada681b306a927d14978a345,52,0xd3c683feebdc85809f4b6644d4194b0e6cfa8962,false,29724.17185749162868474,2,2026-08-04T13:25:47Z,2026-08-04T13:48:07Z
Upbit,0x99c39d665c353920ada681b306a927d14978a345,53,0x4142fe6dc8fd9a0d0d15d48a04947bb5e01b5cb4,false,24019.468259502101221895,1,2026-08-04T13:48:25Z,2026-08-04T13:48:25Z
Upbit,0x99c39d665c353920ada681b306a927d14978a345,54,0x40b266e573c96b4bfec009cf2a6c967c169bc664,false,23408.262169300262263331,1,2026-08-04T13:25:51Z,2026-08-04T13:25:51Z
Upbit,0x99c39d665c353920ada681b306a927d14978a345,55,0x33bb1a6f80cb94852c6a6aa7de50dbf19e841ba0,false,22223,1,2026-08-04T13:48:21Z,2026-08-04T13:48:21Z
Upbit,0x99c39d665c353920ada681b306a927d14978a345,56,0xc63f4e662b022ea644913a8df03fac3fdf049371,false,22222.222222222222222222,1,2026-08-04T13:25:45Z,2026-08-04T13:25:45Z
Upbit,0x99c39d665c353920ada681b306a927d14978a345,57,0x6cc7a484def3272506e11f97d26e9e834c0b9e7b,false,22216.610935383840252401,1,2026-08-04T13:48:31Z,2026-08-04T13:48:31Z
Upbit,0x99c39d665c353920ada681b306a927d14978a345,58,0x78927c0a5c63af14a70af54b630b354a8a598f28,false,21722.222222222222222222,1,2026-08-04T13:47:55Z,2026-08-04T13:47:55Z
Upbit,0x99c39d665c353920ada681b306a927d14978a345,59,0x5188931b25b82787d8e33c9a1eeff93b50a2c7f8,false,20888.511604366044618829,1,2026-08-04T13:25:49Z,2026-08-04T13:25:49Z
Upbit,0x99c39d665c353920ada681b306a927d14978a345,60,0x135c0ed04f655ee4d78cd0cf00f7752747fb80d9,false,17983.580650697759754258,1,2026-08-04T13:48:01Z,2026-08-04T13:48:01Z
Upbit,0x99c39d665c353920ada681b306a927d14978a345,61,0xf0ea0c0eecacf85287409b6b998ce8ac53003f6b,false,17651.975135809488475463,1,2026-08-04T13:47:55Z,2026-08-04T13:47:55Z
Upbit,0x99c39d665c353920ada681b306a927d14978a345,62,0x89163568eeaa81131b10f346b07f0a887790a847,false,16142,1,2026-08-04T13:47:57Z,2026-08-04T13:47:57Z
Upbit,0x99c39d665c353920ada681b306a927d14978a345,63,0x9a791fcfb2f13a0f7a5a38bb9a64609f47d2143d,false,16000,1,2026-08-04T13:48:37Z,2026-08-04T13:48:37Z
Upbit,0x99c39d665c353920ada681b306a927d14978a345,64,0x361a3fdf6692626fc7fd4d04acfbcc719a9d2827,false,15000,1,2026-08-04T13:25:51Z,2026-08-04T13:25:51Z
Upbit,0x99c39d665c353920ada681b306a927d14978a345,65,0x19a79dff9452047898f914b6bb9da7e4873b9214,false,14503.930695285582509719,1,2026-08-04T13:48:13Z,2026-08-04T13:48:13Z
Upbit,0x99c39d665c353920ada681b306a927d14978a345,66,0x36e9b0d632daf55405fbd3c9cfe4b8bb495940d0,false,13683.235321112541183914,1,2026-08-04T13:48:23Z,2026-08-04T13:48:23Z
Upbit,0x99c39d665c353920ada681b306a927d14978a345,67,0x231a82f14f5627ebd738768c86bb37cc57d794f9,false,13644.790802336653799254,1,2026-08-04T13:48:19Z,2026-08-04T13:48:19Z
Upbit,0x99c39d665c353920ada681b306a927d14978a345,68,0x798b811f06ca4036b5c43e29e17ee7c20ac7b2ab,false,13637.279385,1,2026-08-04T13:48:05Z,2026-08-04T13:48:05Z
Upbit,0x99c39d665c353920ada681b306a927d14978a345,69,0xb54eef0162e741e6e3fab23369ceb3688b77ed00,false,12222.222222222222222222,1,2026-08-04T13:25:45Z,2026-08-04T13:25:45Z
Upbit,0x99c39d665c353920ada681b306a927d14978a345,70,0x179359ba664ab9f2a996693b80bd6ca5361445ef,false,12100,1,2026-08-04T13:48:01Z,2026-08-04T13:48:01Z
Upbit,0x99c39d665c353920ada681b306a927d14978a345,71,0x67af8baf008e3dd26d08fdf90b608cd6e7f7a333,false,12074.444059856453191385,1,2026-08-04T13:47:59Z,2026-08-04T13:47:59Z
Upbit,0x99c39d665c353920ada681b306a927d14978a345,72,0x76f4d594e5633c1d804c424794988147c7782306,false,12005.535872596307670442,1,2026-08-04T13:48:31Z,2026-08-04T13:48:31Z
Upbit,0x99c39d665c353920ada681b306a927d14978a345,73,0x0f17041204652736f3ad1ac15bf92fd6a303e1b5,false,11111.111111111111111111,1,2026-08-04T13:48:11Z,2026-08-04T13:48:11Z
Upbit,0x99c39d665c353920ada681b306a927d14978a345,74,0x1506d1dd5046b8db4007c1ffb2b98e120d94a8fb,false,11111.111111111111111111,1,2026-08-04T13:25:53Z,2026-08-04T13:25:53Z
Upbit,0x99c39d665c353920ada681b306a927d14978a345,75,0x78b41aeda79019cd13c1926ed1e5fa53dd01c938,false,11111.111111111111111111,1,2026-08-04T13:25:47Z,2026-08-04T13:25:47Z
Upbit,0x99c39d665c353920ada681b306a927d14978a345,76,0x176f0d7bb22907dd86edc16fc65c9e6ceb248f6e,false,11111.11,1,2026-08-04T13:48:11Z,2026-08-04T13:48:11Z
Upbit,0x99c39d665c353920ada681b306a927d14978a345,77,0x9aff3867d5c0576c4f87f25532b33a08b147c752,false,11091.111111111111111111,1,2026-08-04T13:48:37Z,2026-08-04T13:48:37Z
Upbit,0x99c39d665c353920ada681b306a927d14978a345,78,0x96e1efa22c080ddb9b03788e774c148efaa0436d,false,10900,1,2026-08-04T13:47:59Z,2026-08-04T13:47:59Z
Upbit,0x99c39d665c353920ada681b306a927d14978a345,79,0x6133b75e0037bc47692b54d01b0cf8caea484adc,false,10888.888888888888888888,1,2026-08-04T13:25:39Z,2026-08-04T13:25:39Z
Upbit,0x99c39d665c353920ada681b306a927d14978a345,80,0x4f34c4d12a6232823bd9f42a4cb98844fbe99952,false,10474.385415456046602024,1,2026-08-04T13:47:59Z,2026-08-04T13:47:59Z
Upbit,0x99c39d665c353920ada681b306a927d14978a345,81,0x361364e89bbd3bcf851b818dc3c8bf963ef108f0,false,10000,1,2026-08-04T13:48:21Z,2026-08-04T13:48:21Z
Upbit,0x99c39d665c353920ada681b306a927d14978a345,82,0x2d73ae541411a129b78672322caeb42bcef2ddef,false,9848.329006746181504673,1,2026-08-04T13:48:19Z,2026-08-04T13:48:19Z
Upbit,0x99c39d665c353920ada681b306a927d14978a345,83,0x83dccf3f2c2dbb33d68b7640a1fe91101ff9ddb0,false,9100,1,2026-08-04T13:47:59Z,2026-08-04T13:47:59Z
Upbit,0x99c39d665c353920ada681b306a927d14978a345,84,0x998fda746121096b1eee48b5b6ef45cf9602a9db,false,8995.193894637682410201,1,2026-08-04T13:48:35Z,2026-08-04T13:48:35Z
Upbit,0x99c39d665c353920ada681b306a927d14978a345,85,0x3bf38ad99f6f1122bed591f38f737c562451f3f2,false,8400,1,2026-08-04T13:48:23Z,2026-08-04T13:48:23Z
Upbit,0x99c39d665c353920ada681b306a927d14978a345,86,0x5f16890e4b88db504a71b77a5f8efea6fe9e0eeb,false,8395.2,1,2026-08-04T13:25:41Z,2026-08-04T13:25:41Z
Upbit,0x99c39d665c353920ada681b306a927d14978a345,87,0x5f8cb7e4b9f7ff29f57d88cf350286169d4a7c05,false,8000,1,2026-08-04T13:47:59Z,2026-08-04T13:47:59Z
Upbit,0x99c39d665c353920ada681b306a927d14978a345,88,0x2da027d5c66d1219f4f158fdd33148a1d4fa1cdc,false,7794.615248331536456981,1,2026-08-04T13:48:21Z,2026-08-04T13:48:21Z
Upbit,0x99c39d665c353920ada681b306a927d14978a345,89,0xe394e50f2f1f511c013adde9e9568e8de5d9de59,false,7291.79178,1,2026-08-04T13:48:09Z,2026-08-04T13:48:09Z
Upbit,0x99c39d665c353920ada681b306a927d14978a345,90,0x0ffd80f171eef787e021408d0d34ad95cffadaef,false,7140.497368233431035216,1,2026-08-04T13:48:01Z,2026-08-04T13:48:01Z
Upbit,0x99c39d665c353920ada681b306a927d14978a345,91,0x78cac4285dc77bfd30055e48674ab8989b41a86d,false,7000,1,2026-08-04T13:48:05Z,2026-08-04T13:48:05Z
Upbit,0x99c39d665c353920ada681b306a927d14978a345,92,0x5951f3f3691b17aa5f8329fb696bd5a44875c2b6,false,6999.818131307356894474,1,2026-08-04T13:48:27Z,2026-08-04T13:48:27Z
Upbit,0x99c39d665c353920ada681b306a927d14978a345,93,0x07dcd4148c0762cd2e0f82125a8f10fcbc32de1f,false,6993.876015610622415042,1,2026-08-04T13:47:55Z,2026-08-04T13:47:55Z
Upbit,0x99c39d665c353920ada681b306a927d14978a345,94,0x55bd493cb4b6969c8dc40ce76d2a897466484af9,false,6666.666666666666666666,1,2026-08-04T13:25:49Z,2026-08-04T13:25:49Z
Upbit,0x99c39d665c353920ada681b306a927d14978a345,95,0x3e96e5cb37c153ed8aac45dc0cdb8a91f4341906,false,6594.786457525584085908,1,2026-08-04T13:48:25Z,2026-08-04T13:48:25Z
Upbit,0x99c39d665c353920ada681b306a927d14978a345,96,0x0fd6b49d6956f5be4f51666a96e9379fe02762a5,false,6587.4,1,2026-08-04T13:48:11Z,2026-08-04T13:48:11Z
Upbit,0x99c39d665c353920ada681b306a927d14978a345,97,0x2423bd768f257e76209db5095a551672857f7a7d,false,6500,1,2026-08-04T13:25:53Z,2026-08-04T13:25:53Z
Upbit,0x99c39d665c353920ada681b306a927d14978a345,98,0x6688ca6795417282099528e8500580fa690fbf0c,false,6311.111111111111111111,1,2026-08-04T13:48:03Z,2026-08-04T13:48:03Z
Upbit,0x99c39d665c353920ada681b306a927d14978a345,99,0x468b7eca38bc85b0574638a41a7b5e17f9d9dbbb,false,5555.555555555555555555,1,2026-08-04T13:25:51Z,2026-08-04T13:25:51Z
Upbit,0x99c39d665c353920ada681b306a927d14978a345,100,0x9110d3c4e1b89d60bc7c3927b79f73d333dc4eb8,false,5555.555555555555555555,1,2026-08-04T13:25:43Z,2026-08-04T13:25:43Z
Upbit,0xee9345326f336b86c8d0529b8a1b874041f81877,1,0xd62555ab18ea8fa8566eea8e117b9e3ee4212d97,false,3407979.929366911627603145,2,2026-08-04T13:30:47Z,2026-08-04T13:50:55Z
Upbit,0xee9345326f336b86c8d0529b8a1b874041f81877,2,0xb2bf0d24e21e8f36c543ba1e899c568417761a39,false,522705.491048356924764562,1,2026-08-04T13:51:25Z,2026-08-04T13:51:25Z
Upbit,0xee9345326f336b86c8d0529b8a1b874041f81877,3,0x6dad34d67d76f453369efd06216ba85f00d117b5,false,299807.4377,1,2026-08-04T13:51:21Z,2026-08-04T13:51:21Z
Upbit,0xee9345326f336b86c8d0529b8a1b874041f81877,4,0xeb87729d01deba5cb7a5abdd80e271ab402ad705,false,252243.488655622478473541,1,2026-08-04T13:51:05Z,2026-08-04T13:51:05Z
Upbit,0xee9345326f336b86c8d0529b8a1b874041f81877,5,0xbae6576e76f7a09d7fd779928c63d417aa446bea,false,250000,1,2026-08-04T13:51:03Z,2026-08-04T13:51:03Z
Upbit,0xee9345326f336b86c8d0529b8a1b874041f81877,6,0x1da712b8140195ea524ce02ddb721aa6e38193bd,false,231538.96655310938467385,1,2026-08-04T13:51:17Z,2026-08-04T13:51:17Z
Upbit,0xee9345326f336b86c8d0529b8a1b874041f81877,7,0xdba7aaee7854dc170ecbe47be0060d57349bdb70,false,218842.395788704297225273,1,2026-08-04T13:50:57Z,2026-08-04T13:50:57Z
Upbit,0xee9345326f336b86c8d0529b8a1b874041f81877,8,0x64974a46b81611132303714a1e476beb888b0c00,false,188888.888888888888888888,1,2026-08-04T13:51:21Z,2026-08-04T13:51:21Z
Upbit,0xee9345326f336b86c8d0529b8a1b874041f81877,9,0xfe53331181293e8cdf056d032ba3dbf38519429d,false,186847.944985193262256204,1,2026-08-04T13:51:05Z,2026-08-04T13:51:05Z
Upbit,0xee9345326f336b86c8d0529b8a1b874041f81877,10,0xcebd1a277d29eb284171c9c78f4ef08006fcfa17,false,158754.08923882919063897,1,2026-08-04T13:50:57Z,2026-08-04T13:50:57Z
Upbit,0xee9345326f336b86c8d0529b8a1b874041f81877,11,0xed0aca8812fdb07373c6aedc00d177d1272855a7,false,150000,1,2026-08-04T13:51:13Z,2026-08-04T13:51:13Z
Upbit,0xee9345326f336b86c8d0529b8a1b874041f81877,12,0x86be8035ace79b6235e4c4844ba2c2a3338e2702,false,146955.968958245956009375,1,2026-08-04T13:51:17Z,2026-08-04T13:51:17Z
Upbit,0xee9345326f336b86c8d0529b8a1b874041f81877,13,0xabbd22a35001c8d9257884f5a5ae10a4a3dd0516,false,121011.645553501917314548,2,2026-08-04T13:30:43Z,2026-08-04T13:51:11Z
Upbit,0xee9345326f336b86c8d0529b8a1b874041f81877,14,0xe49575e4711c2820f15d8d31a500ac3c9871fd2c,false,120000,1,2026-08-04T13:50:53Z,2026-08-04T13:50:53Z
Upbit,0xee9345326f336b86c8d0529b8a1b874041f81877,15,0x975e1a8644781c14d4b2570c270cba987d8bf4df,false,116666,1,2026-08-04T13:30:33Z,2026-08-04T13:30:33Z
Upbit,0xee9345326f336b86c8d0529b8a1b874041f81877,16,0xe6a1b633adc647655d73fd514c99a16551a7e414,false,111111.1,1,2026-08-04T13:30:49Z,2026-08-04T13:30:49Z
Upbit,0xee9345326f336b86c8d0529b8a1b874041f81877,17,0x605cd22b33efefa73da23ed9c25d6589ae5bed4e,false,100000,1,2026-08-04T13:51:19Z,2026-08-04T13:51:19Z
Upbit,0xee9345326f336b86c8d0529b8a1b874041f81877,18,0xc2a275fd99e054158d0c0bcba0539ece489ca1a5,false,82040.851892779975244588,1,2026-08-04T13:51:01Z,2026-08-04T13:51:01Z
Upbit,0xee9345326f336b86c8d0529b8a1b874041f81877,19,0xcef8254ac0d7b0491ca06ca5c3901e4749523a97,false,80034.768793736853617359,1,2026-08-04T13:51:05Z,2026-08-04T13:51:05Z
Upbit,0xee9345326f336b86c8d0529b8a1b874041f81877,20,0xf42e52884cc828514cbe35684efdd816c2f878b1,false,74611.853608886434663493,2,2026-08-04T13:50:53Z,2026-08-04T13:51:13Z
Upbit,0xee9345326f336b86c8d0529b8a1b874041f81877,21,0xf5332cf17a6d5b92c8b024c620a89f97940ebac7,false,66666.66,1,2026-08-04T13:51:17Z,2026-08-04T13:51:17Z
Upbit,0xee9345326f336b86c8d0529b8a1b874041f81877,22,0x83038f3182e5cef9a50e2b770bff1a4056b03376,false,60752.092636196755551884,1,2026-08-04T13:50:55Z,2026-08-04T13:50:55Z
Upbit,0xee9345326f336b86c8d0529b8a1b874041f81877,23,0x6977adaaa47e2bd3e26a3aa2bae5a472aea2f259,false,58122.226476663494272955,1,2026-08-04T13:51:15Z,2026-08-04T13:51:15Z
Upbit,0xee9345326f336b86c8d0529b8a1b874041f81877,24,0xf047829979ea207dfac88d9ebb3de4b5baacecdd,false,55550.055,1,2026-08-04T13:30:51Z,2026-08-04T13:30:51Z
Upbit,0xee9345326f336b86c8d0529b8a1b874041f81877,25,0x6c9dc7a7f7d93e93d9229c2de3f4c55d6ff6ad82,false,50000,1,2026-08-04T13:31:01Z,2026-08-04T13:31:01Z
Upbit,0xee9345326f336b86c8d0529b8a1b874041f81877,26,0xda78b36288ad896f0faa8617eb0adaa674497ac9,false,44444,1,2026-08-04T13:51:01Z,2026-08-04T13:51:01Z
Upbit,0xee9345326f336b86c8d0529b8a1b874041f81877,27,0xbbf0847d3eb880c08461ae9ced67731c4a041e51,false,44079.528914143776664083,1,2026-08-04T13:51:01Z,2026-08-04T13:51:01Z
Upbit,0xee9345326f336b86c8d0529b8a1b874041f81877,28,0x1f3614d091c66405436c81f4b9ec49be4037c7b1,false,43332.306756103645129989,1,2026-08-04T13:51:19Z,2026-08-04T13:51:19Z
Upbit,0xee9345326f336b86c8d0529b8a1b874041f81877,29,0x3a7d7da592fa55c9f5f666e228a9927575495b0e,false,42000,1,2026-08-04T13:51:15Z,2026-08-04T13:51:15Z
Upbit,0xee9345326f336b86c8d0529b8a1b874041f81877,30,0xc5529788a27ba60d4a6277ba086b8dedaa7b06f7,false,38577.881609193208466684,1,2026-08-04T13:50:59Z,2026-08-04T13:50:59Z
Upbit,0xee9345326f336b86c8d0529b8a1b874041f81877,31,0x073778f1f9960b697a79fcd9e0069ca8165d4dc2,false,38314.98176932155769574,1,2026-08-04T13:51:13Z,2026-08-04T13:51:13Z
Upbit,0xee9345326f336b86c8d0529b8a1b874041f81877,32,0xd48dffdcdce670e7cddaf91ee95bc6c23e26b477,false,37000,1,2026-08-04T13:51:07Z,2026-08-04T13:51:07Z
Upbit,0xee9345326f336b86c8d0529b8a1b874041f81877,33,0x433052613de25d7d4a5bcdd8e22d8474ef23259c,false,36144.01049884537495556,1,2026-08-04T13:50:57Z,2026-08-04T13:50:57Z
Upbit,0xee9345326f336b86c8d0529b8a1b874041f81877,34,0x253c3a9cbb5cb7e8a65671861563c172da17e17d,false,35680.102165704162330987,1,2026-08-04T13:51:15Z,2026-08-04T13:51:15Z
Upbit,0xee9345326f336b86c8d0529b8a1b874041f81877,35,0xa6e50edac35a0cfb73464256ffb943fa93925090,false,33893.013463077716818247,1,2026-08-04T13:51:25Z,2026-08-04T13:51:25Z
Upbit,0xee9345326f336b86c8d0529b8a1b874041f81877,36,0xd970b48d987347b2b6a656901ecba3a0bce0afde,false,31199.16022983825518293,1,2026-08-04T13:51:09Z,2026-08-04T13:51:09Z
Upbit,0xee9345326f336b86c8d0529b8a1b874041f81877,37,0x7fa700beb918306743e780db727713029bbe6f97,false,30358.850295317660337183,1,2026-08-04T13:51:05Z,2026-08-04T13:51:05Z
Upbit,0xee9345326f336b86c8d0529b8a1b874041f81877,38,0xd3cc470b31ba849f1b0df862ea4d0ac8921f9c3f,false,30202.982379254767918539,1,2026-08-04T13:51:07Z,2026-08-04T13:51:07Z
Upbit,0xee9345326f336b86c8d0529b8a1b874041f81877,39,0x57517903c5faaaa6b2cfd405923ed96da2450fd8,false,30000,1,2026-08-04T13:30:59Z,2026-08-04T13:30:59Z
Upbit,0xee9345326f336b86c8d0529b8a1b874041f81877,40,0x4142fe6dc8fd9a0d0d15d48a04947bb5e01b5cb4,false,28264.311245196909010927,1,2026-08-04T13:50:57Z,2026-08-04T13:50:57Z
Upbit,0xee9345326f336b86c8d0529b8a1b874041f81877,41,0xc1e92e7167135e9760ae967be423fe983e919343,false,26041.160935597704785621,1,2026-08-04T13:50:57Z,2026-08-04T13:50:57Z
Upbit,0xee9345326f336b86c8d0529b8a1b874041f81877,42,0xc740b50819fdaae9647b367119518f5f69f5976c,false,23432.40024740046850019,1,2026-08-04T13:51:01Z,2026-08-04T13:51:01Z
Upbit,0xee9345326f336b86c8d0529b8a1b874041f81877,43,0x4481770d1c8d4b9cad3835b8c506df234e537a0c,false,22222.222222222222222222,1,2026-08-04T13:30:59Z,2026-08-04T13:30:59Z
Upbit,0xee9345326f336b86c8d0529b8a1b874041f81877,44,0x7602bec8bcde3f9f14eae675aed83ff80ef47c87,false,22222.222222222222222222,1,2026-08-04T13:31:01Z,2026-08-04T13:31:01Z
Upbit,0xee9345326f336b86c8d0529b8a1b874041f81877,45,0xe8fac943663b1ac02537040111c430b179c5d928,false,20000,1,2026-08-04T13:30:51Z,2026-08-04T13:30:51Z
Upbit,0xee9345326f336b86c8d0529b8a1b874041f81877,46,0x22bb540af3474fbe91ce27b38b3ba1777e684f64,false,18818.575642822152793764,1,2026-08-04T13:51:15Z,2026-08-04T13:51:15Z
Upbit,0xee9345326f336b86c8d0529b8a1b874041f81877,47,0xbaa7b56d13d75ff2d686031e0961c00495551ce3,false,18333.333333333330666666,1,2026-08-04T13:51:21Z,2026-08-04T13:51:21Z
Upbit,0xee9345326f336b86c8d0529b8a1b874041f81877,48,0xa0e1c3c8e23a557c80ca825f1a81e2c437bc0c16,false,17627.688504722594577518,1,2026-08-04T13:51:17Z,2026-08-04T13:51:17Z
Upbit,0xee9345326f336b86c8d0529b8a1b874041f81877,49,0x0ffd80f171eef787e021408d0d34ad95cffadaef,false,17157.439772014300797384,1,2026-08-04T13:50:59Z,2026-08-04T13:50:59Z
Upbit,0xee9345326f336b86c8d0529b8a1b874041f81877,50,0xfe87909462d1f5cf9d91375aa52b6e3151aec311,false,16597.726036862454660266,1,2026-08-04T13:30:51Z,2026-08-04T13:30:51Z
Upbit,0xee9345326f336b86c8d0529b8a1b874041f81877,51,0xd3c683feebdc85809f4b6644d4194b0e6cfa8962,false,15650.827033718848566529,1,2026-08-04T13:30:47Z,2026-08-04T13:30:47Z
Upbit,0xee9345326f336b86c8d0529b8a1b874041f81877,52,0xa0ee697892516bd006f86cb16e2da4bb519723b1,false,15632.289172106826748849,1,2026-08-04T13:51:23Z,2026-08-04T13:51:23Z
Upbit,0xee9345326f336b86c8d0529b8a1b874041f81877,53,0x9a791fcfb2f13a0f7a5a38bb9a64609f47d2143d,false,15568.319693308314059641,1,2026-08-04T13:51:17Z,2026-08-04T13:51:17Z
Upbit,0xee9345326f336b86c8d0529b8a1b874041f81877,54,0xca8ef37dbefcc7513b099a12eabcbe49770af6f8,false,15002.666666666666666666,1,2026-08-04T13:30:45Z,2026-08-04T13:30:45Z
Upbit,0xee9345326f336b86c8d0529b8a1b874041f81877,55,0x82a0fd331c531288b0169465af8029fd84ddc0d8,false,15000,1,2026-08-04T13:51:23Z,2026-08-04T13:51:23Z
Upbit,0xee9345326f336b86c8d0529b8a1b874041f81877,56,0x3e96e5cb37c153ed8aac45dc0cdb8a91f4341906,false,14719.273159092071130618,2,2026-08-04T13:30:53Z,2026-08-04T13:51:15Z
Upbit,0xee9345326f336b86c8d0529b8a1b874041f81877,57,0x96e1efa22c080ddb9b03788e774c148efaa0436d,false,13106.588313246665495897,1,2026-08-04T13:50:53Z,2026-08-04T13:50:53Z
Upbit,0xee9345326f336b86c8d0529b8a1b874041f81877,58,0x798b811f06ca4036b5c43e29e17ee7c20ac7b2ab,false,12584.001315,1,2026-08-04T13:51:21Z,2026-08-04T13:51:21Z
Upbit,0xee9345326f336b86c8d0529b8a1b874041f81877,59,0x1ed98214ec268c0e23fc335947527e76b392539f,false,12509.346805940324,1,2026-08-04T13:30:57Z,2026-08-04T13:30:57Z
Upbit,0xee9345326f336b86c8d0529b8a1b874041f81877,60,0x7160f398844f89415bca81aa78a2734b777eba9d,false,11111.111122222222222222,1,2026-08-04T13:51:21Z,2026-08-04T13:51:21Z
Upbit,0xee9345326f336b86c8d0529b8a1b874041f81877,61,0x012385a8fb4157cca2c84a62efc0537e98ba481e,false,11111,1,2026-08-04T13:30:55Z,2026-08-04T13:30:55Z
Upbit,0xee9345326f336b86c8d0529b8a1b874041f81877,62,0x1def50bc35799b1fd8f2a27587aabce63a91577c,false,11111,1,2026-08-04T13:30:57Z,2026-08-04T13:30:57Z
Upbit,0xee9345326f336b86c8d0529b8a1b874041f81877,63,0x67af8baf008e3dd26d08fdf90b608cd6e7f7a333,false,10641.052200518623876037,1,2026-08-04T13:50:55Z,2026-08-04T13:50:55Z
Upbit,0xee9345326f336b86c8d0529b8a1b874041f81877,64,0x6ef2abe5ef9b5dbd49cf1d7233eb0f1bbccdadf8,false,10583.863367521562232869,1,2026-08-04T13:31:01Z,2026-08-04T13:31:01Z
Upbit,0xee9345326f336b86c8d0529b8a1b874041f81877,65,0x5becf4bfc32da5fbd04a6ab097a958deb32b71ff,false,10000,1,2026-08-04T13:50:55Z,2026-08-04T13:50:55Z
Upbit,0xee9345326f336b86c8d0529b8a1b874041f81877,66,0xa15c476630a95a7b99258e30995fd9b6781704f0,false,10000,1,2026-08-04T13:51:23Z,2026-08-04T13:51:23Z
Upbit,0xee9345326f336b86c8d0529b8a1b874041f81877,67,0xaad9f4f42277f35179de5e727060e362bf4e70ad,false,8714.604121225453093755,1,2026-08-04T13:50:57Z,2026-08-04T13:50:57Z
Upbit,0xee9345326f336b86c8d0529b8a1b874041f81877,68,0xe6bec275a81b6a6c1df5447a01999513f3746d63,false,8628.225668432555878556,1,2026-08-04T13:30:49Z,2026-08-04T13:30:49Z
Upbit,0xee9345326f336b86c8d0529b8a1b874041f81877,69,0xd8fb7e0f47d893bb4d672a8fdb8832473fc32728,false,8083.192213177044500923,2,2026-08-04T13:30:33Z,2026-08-04T13:51:09Z
Upbit,0xee9345326f336b86c8d0529b8a1b874041f81877,70,0x0fd6b49d6956f5be4f51666a96e9379fe02762a5,false,7708.299754055077322183,1,2026-08-04T13:30:31Z,2026-08-04T13:30:31Z
Upbit,0xee9345326f336b86c8d0529b8a1b874041f81877,71,0xfbcf8ff01ad1bb4f099fd9bea3ce6113dd81d8ef,false,7636,1,2026-08-04T13:50:59Z,2026-08-04T13:50:59Z
Upbit,0xee9345326f336b86c8d0529b8a1b874041f81877,72,0x6210591be8f97f6af22aafcd8bfb52d8ad195144,false,6666.666666666666666666,1,2026-08-04T13:30:59Z,2026-08-04T13:30:59Z
Upbit,0xee9345326f336b86c8d0529b8a1b874041f81877,73,0x135c0ed04f655ee4d78cd0cf00f7752747fb80d9,false,5601.108762182867850822,1,2026-08-04T13:51:13Z,2026-08-04T13:51:13Z
Upbit,0xee9345326f336b86c8d0529b8a1b874041f81877,74,0xbb803efd20022aa2d46f4f5fcbaed3ee48b4acea,false,3300,2,2026-08-04T13:30:45Z,2026-08-04T13:51:03Z
Upbit,0xee9345326f336b86c8d0529b8a1b874041f81877,75,0x0baa7bf96d680d10a5babf3ae7642ef5c8e94d2b,false,2777.777777777777777777,1,2026-08-04T13:30:53Z,2026-08-04T13:30:53Z
Upbit,0xee9345326f336b86c8d0529b8a1b874041f81877,76,0xe434231f1226212e284dafa825bb431136683fd5,false,2696.568203605489855694,1,2026-08-04T13:30:49Z,2026-08-04T13:30:49Z
Upbit,0xee9345326f336b86c8d0529b8a1b874041f81877,77,0xf782e6e0e2f1504a77afdbe40aaf4c9ca5ae850b,false,2452.102499195899940136,1,2026-08-04T13:51:05Z,2026-08-04T13:51:05Z
Upbit,0xee9345326f336b86c8d0529b8a1b874041f81877,78,0x3602b12e72322d16a585ea020c4d9069502a59ef,false,2222.222222222222222222,1,2026-08-04T13:30:59Z,2026-08-04T13:30:59Z
Upbit,0xee9345326f336b86c8d0529b8a1b874041f81877,79,0xa3fddbd4e56e198b91a2ed0ce8052533bd2559a8,false,2222.222222222222222222,1,2026-08-04T13:51:23Z,2026-08-04T13:51:23Z
Upbit,0xee9345326f336b86c8d0529b8a1b874041f81877,80,0xab6641ec3d7e10954ae094822c37d480819cb145,false,2222.222222222222222222,1,2026-08-04T13:51:25Z,2026-08-04T13:51:25Z
Upbit,0xee9345326f336b86c8d0529b8a1b874041f81877,81,0x881c5864e3f522800f8ddcdaefad9ffb0375d725,false,2222.22,1,2026-08-04T13:30:33Z,2026-08-04T13:30:33Z
Upbit,0xee9345326f336b86c8d0529b8a1b874041f81877,82,0x0a6a323474585f7ae8cdc30f7b68440fa6dd194b,false,2076.772730170580812991,1,2026-08-04T13:30:53Z,2026-08-04T13:30:53Z
Upbit,0xee9345326f336b86c8d0529b8a1b874041f81877,83,0x83dccf3f2c2dbb33d68b7640a1fe91101ff9ddb0,false,2011.111111111111111111,1,2026-08-04T13:51:17Z,2026-08-04T13:51:17Z
Upbit,0xee9345326f336b86c8d0529b8a1b874041f81877,84,0xa9eb910e363c2669e240bf0d4b1f2431b0e3b363,false,1639.445813772739953108,1,2026-08-04T13:30:43Z,2026-08-04T13:30:43Z
Upbit,0xee9345326f336b86c8d0529b8a1b874041f81877,85,0xac89f085bea00ae58e5ebef988e3c2addefc6b4a,false,1496.31431587124973971,1,2026-08-04T13:30:45Z,2026-08-04T13:30:45Z
Upbit,0xee9345326f336b86c8d0529b8a1b874041f81877,86,0xda3be7fa05b4acad5be726ea6a4918e955886b19,false,1092.45,2,2026-08-04T13:30:47Z,2026-08-04T13:51:09Z
Upbit,0xee9345326f336b86c8d0529b8a1b874041f81877,87,0x110431d2e294a2a095ca1f86ddf1668ff4f15ece,false,1000,1,2026-08-04T13:30:53Z,2026-08-04T13:30:53Z
Upbit,0xee9345326f336b86c8d0529b8a1b874041f81877,88,0xd868553d5352671c60099e0dc53a391f1408bf57,false,703.33175835024321261,1,2026-08-04T13:51:09Z,2026-08-04T13:51:09Z
Upbit,0xee9345326f336b86c8d0529b8a1b874041f81877,89,0xeb27ef13b0064044df518d9b4e033d6314544576,false,500,1,2026-08-04T13:51:03Z,2026-08-04T13:51:03Z
Upbit,0xee9345326f336b86c8d0529b8a1b874041f81877,90,0xe920332010046097f7fe7ff106963ed6b975aa31,false,142.140294780814613089,1,2026-08-04T13:51:11Z,2026-08-04T13:51:11Z
Upbit,0xee9345326f336b86c8d0529b8a1b874041f81877,91,0x30a8271a479b7fcd8c495efccd08a9fdcc871bb5,false,100,1,2026-08-04T13:30:57Z,2026-08-04T13:30:57Z
Upbit,0xee9345326f336b86c8d0529b8a1b874041f81877,92,0x44d962e79653e32b2fa6d7a705650749d015fa94,false,100,1,2026-08-04T13:30:59Z,2026-08-04T13:30:59Z
Upbit,0xee9345326f336b86c8d0529b8a1b874041f81877,93,0x98b71a667092c3119e52847f700208cf67d28eed,false,100,1,2026-08-04T13:30:43Z,2026-08-04T13:30:43Z
Upbit,0xee9345326f336b86c8d0529b8a1b874041f81877,94,0xb83630849c8a2bcb3a04062fedd015d7d67febde,false,100,1,2026-08-04T13:51:27Z,2026-08-04T13:51:27Z
Upbit,0xee9345326f336b86c8d0529b8a1b874041f81877,95,0xe4eba9bb8de1a5b3667e81d553d2ed19d93d446c,false,100,1,2026-08-04T13:30:49Z,2026-08-04T13:30:49Z
Upbit,0xee9345326f336b86c8d0529b8a1b874041f81877,96,0xf4bc166b0153d5c29b9c62cbf11617eb146cc833,false,100,1,2026-08-04T13:51:13Z,2026-08-04T13:51:13Z
Upbit,0xee9345326f336b86c8d0529b8a1b874041f81877,97,0x00d988a1cf2b9935d33ba0a324f09fb42fa08448,false,50,1,2026-08-04T13:51:25Z,2026-08-04T13:51:25Z
Upbit,0xee9345326f336b86c8d0529b8a1b874041f81877,98,0x146fe55dfa2530bed676856dcb3d67a197372020,false,22,1,2026-08-04T13:30:55Z,2026-08-04T13:30:55Z
Upbit,0xee9345326f336b86c8d0529b8a1b874041f81877,99,0xaf1c4557405c83fff49da6f8c632d74600b9a26d,false,20.718826727261175808,1,2026-08-04T13:51:25Z,2026-08-04T13:51:25Z
Upbit,0xee9345326f336b86c8d0529b8a1b874041f81877,100,0xec9a0307876c0e5eeafc8e03d12f442bfdf89685,false,12,1,2026-08-04T13:51:11Z,2026-08-04T13:51:11Z
Bithumb,0x0f5d1d63647342ff0fbe2f1ee879786c48f143ad,1,0x65513d9cd1927054f68eb55d93f1dfc67bc4c24d,true,1159718.879906033824432676,2,2026-08-04T13:05:25Z,2026-08-04T13:21:17Z
Bithumb,0x0f5d1d63647342ff0fbe2f1ee879786c48f143ad,2,0x65a10da344d650cab78209830b655ae57458efe0,false,208626.013432335457955025,2,2026-08-04T13:49:43Z,2026-08-04T13:51:45Z
Bithumb,0x0f5d1d63647342ff0fbe2f1ee879786c48f143ad,3,0x5e16b8a64a0d0215a34f0a45511ba063319bfb7a,false,163918.668253187591988341,3,2026-08-04T13:35:49Z,2026-08-04T13:55:49Z
Bithumb,0x0f5d1d63647342ff0fbe2f1ee879786c48f143ad,4,0xb4669b10d923c2d141f2eccf382bbe06ceedf82b,false,150099.999999999987417088,4,2026-08-04T13:48:05Z,2026-08-04T13:59:03Z
Bithumb,0x0f5d1d63647342ff0fbe2f1ee879786c48f143ad,5,0x4d06dd9a091e260c04a2a9ca1289f56fab4e9c80,false,150000,2,2026-08-04T13:27:07Z,2026-08-04T13:41:53Z
Bithumb,0x0f5d1d63647342ff0fbe2f1ee879786c48f143ad,6,0xc889000d2a88a662024c27f12400a56876124b31,false,150000,1,2026-08-04T13:47:39Z,2026-08-04T13:47:39Z
Bithumb,0x0f5d1d63647342ff0fbe2f1ee879786c48f143ad,7,0x126db930c9a18484387c7b2ee58905ec087bfbd9,false,139338.134437983866262672,1,2026-08-04T14:04:07Z,2026-08-04T14:04:07Z
Bithumb,0x0f5d1d63647342ff0fbe2f1ee879786c48f143ad,8,0xf71cbfde2c4553361dded8efd245400002692fc2,false,81062.951968225572125869,1,2026-08-04T13:28:53Z,2026-08-04T13:28:53Z
Bithumb,0x0f5d1d63647342ff0fbe2f1ee879786c48f143ad,9,0xe915d3af307787f2007ad4323668ed48ae4acee3,false,71750.837664696099431177,1,2026-08-04T13:53:39Z,2026-08-04T13:53:39Z
Bithumb,0x0f5d1d63647342ff0fbe2f1ee879786c48f143ad,10,0x65ece494461bd85c18817d5b96b3b81d578e0d86,false,70039.713443440194578878,1,2026-08-04T14:00:09Z,2026-08-04T14:00:09Z
Bithumb,0x0f5d1d63647342ff0fbe2f1ee879786c48f143ad,11,0xf7518e5291486b816f6e9c5a2f60ca8a21105767,false,69208,2,2026-08-04T13:30:05Z,2026-08-04T13:57:35Z
Bithumb,0x0f5d1d63647342ff0fbe2f1ee879786c48f143ad,12,0x8b9af99b63980ccfac8a1dc1b09e5c3dfabde734,false,68990,6,2026-08-04T13:27:09Z,2026-08-04T13:52:01Z
Bithumb,0x0f5d1d63647342ff0fbe2f1ee879786c48f143ad,13,0xe66ae6ad5176ada659cbb3c88174ee02346a8c64,false,66666.666666666666666666,1,2026-08-04T13:25:57Z,2026-08-04T13:25:57Z
Bithumb,0x0f5d1d63647342ff0fbe2f1ee879786c48f143ad,14,0x604223932e57281eb22651a8c2a34c9b56a0e3b6,false,58000,4,2026-08-04T13:32:23Z,2026-08-04T13:45:47Z
Bithumb,0x0f5d1d63647342ff0fbe2f1ee879786c48f143ad,15,0x77d3758d77134f344c9b5daa09b96c244be200d8,false,57630.51855777668089646,3,2026-08-04T13:31:01Z,2026-08-04T13:53:47Z
Bithumb,0x0f5d1d63647342ff0fbe2f1ee879786c48f143ad,16,0xc3fd2f1ee390a9487370977524842ecf2077697a,false,51627.272801933843288518,2,2026-08-04T13:42:39Z,2026-08-04T13:54:37Z
Bithumb,0x0f5d1d63647342ff0fbe2f1ee879786c48f143ad,17,0xf7969dd10715e94c60e4c34c3fa46dee2fadc62b,false,50393.001907329314062336,1,2026-08-04T13:54:17Z,2026-08-04T13:54:17Z
Bithumb,0x0f5d1d63647342ff0fbe2f1ee879786c48f143ad,18,0x47243ae2e72b0911a1f2f6549351b5d4fc7787ec,false,50000,1,2026-08-04T13:42:03Z,2026-08-04T13:42:03Z
Bithumb,0x0f5d1d63647342ff0fbe2f1ee879786c48f143ad,19,0x92634f581e76782a5e06c3ae20623a7619261ff5,false,48877.888888888888888888,6,2026-08-04T13:27:31Z,2026-08-04T13:45:37Z
Bithumb,0x0f5d1d63647342ff0fbe2f1ee879786c48f143ad,20,0xac28644ed8281132a80e76941f2d8d244a773177,false,44445.777777777777777777,1,2026-08-04T13:41:29Z,2026-08-04T13:41:29Z
Bithumb,0x0f5d1d63647342ff0fbe2f1ee879786c48f143ad,21,0x1c5e4b8647d27436f66cd473c31796b73e7ed820,false,44248.193961468034958988,4,2026-08-04T13:48:09Z,2026-08-04T14:02:51Z
Bithumb,0x0f5d1d63647342ff0fbe2f1ee879786c48f143ad,22,0x9066ea0a1a2559031af52119ea357fc3bc72d454,false,41904.539964702782309536,3,2026-08-04T13:24:59Z,2026-08-04T13:48:31Z
Bithumb,0x0f5d1d63647342ff0fbe2f1ee879786c48f143ad,23,0x88fbfa1aa92fece0d50b791e840f549cde324c5a,false,39698.076904600938937776,2,2026-08-04T13:40:19Z,2026-08-04T13:53:27Z
Bithumb,0x0f5d1d63647342ff0fbe2f1ee879786c48f143ad,24,0x5e0777f4407f91459feadba33bfcec681b6af8b2,false,39180.484726459378979599,2,2026-08-04T13:41:43Z,2026-08-04T13:47:39Z
Bithumb,0x0f5d1d63647342ff0fbe2f1ee879786c48f143ad,25,0x0ed6588f2ee26dfd785522c4616b75a753e14c61,false,38781.787789236257940924,1,2026-08-04T13:29:03Z,2026-08-04T13:29:03Z
Bithumb,0x0f5d1d63647342ff0fbe2f1ee879786c48f143ad,26,0xf6cb19f388a53db5f7e61bcae80b31b19bca727a,false,36000,5,2026-08-04T13:24:27Z,2026-08-04T13:30:25Z
Bithumb,0x0f5d1d63647342ff0fbe2f1ee879786c48f143ad,27,0x74f47a9f93f86ebbab94d758a63c43d55ae73f52,false,35057.498722598650380288,1,2026-08-04T13:29:13Z,2026-08-04T13:29:13Z
Bithumb,0x0f5d1d63647342ff0fbe2f1ee879786c48f143ad,28,0xcdfb0cfa19d7b3558dc4e22b4d74e7f4509b1502,false,34852.774006809486340553,1,2026-08-04T13:51:55Z,2026-08-04T13:51:55Z
Bithumb,0x0f5d1d63647342ff0fbe2f1ee879786c48f143ad,29,0x06331e0362a0446623348031ecde94624bec8f13,false,34679,3,2026-08-04T13:55:39Z,2026-08-04T14:00:51Z
Bithumb,0x0f5d1d63647342ff0fbe2f1ee879786c48f143ad,30,0x64911c8a1593182520dd804fee1892e28568e556,false,34514.114863630909,4,2026-08-04T13:38:03Z,2026-08-04T13:44:57Z
Bithumb,0x0f5d1d63647342ff0fbe2f1ee879786c48f143ad,31,0xaf384017a01a85ffbe32cd56d9e3eaa7ec72e8b2,false,33157.359037215205396713,2,2026-08-04T13:30:23Z,2026-08-04T13:45:11Z
Bithumb,0x0f5d1d63647342ff0fbe2f1ee879786c48f143ad,32,0x14ccb2e795c1b25a946b281e0901d752cfbf69bd,false,30000,1,2026-08-04T13:50:33Z,2026-08-04T13:50:33Z
Bithumb,0x0f5d1d63647342ff0fbe2f1ee879786c48f143ad,33,0x1033266455fabdc4c9f9ed4d4c708b977371342d,false,28000.0000011111,1,2026-08-04T13:35:23Z,2026-08-04T13:35:23Z
Bithumb,0x0f5d1d63647342ff0fbe2f1ee879786c48f143ad,34,0x8184418e7fff539907c4797d3d8f27f48e6759ee,false,26168,1,2026-08-04T14:07:55Z,2026-08-04T14:07:55Z
Bithumb,0x0f5d1d63647342ff0fbe2f1ee879786c48f143ad,35,0x5d5c73214cc6aed8b0a73ea7d9bf4d1a62bfd053,false,22972.640332109109526528,2,2026-08-04T14:07:21Z,2026-08-04T14:08:17Z
Bithumb,0x0f5d1d63647342ff0fbe2f1ee879786c48f143ad,36,0x40037dc7665fafc6ba4bd3735317c289ca7e35c9,false,22222.222222222222222222,2,2026-08-04T13:49:17Z,2026-08-04T13:52:35Z
Bithumb,0x0f5d1d63647342ff0fbe2f1ee879786c48f143ad,37,0x403c955d2be6941104ed11f5f86ff15678991bbe,false,22222.22222,1,2026-08-04T13:21:39Z,2026-08-04T13:21:39Z
Bithumb,0x0f5d1d63647342ff0fbe2f1ee879786c48f143ad,38,0x0fe37bcc399fab3e0c9b6f2a67f4b1f5451bfa2c,false,22222.22,1,2026-08-04T13:50:43Z,2026-08-04T13:50:43Z
Bithumb,0x0f5d1d63647342ff0fbe2f1ee879786c48f143ad,39,0x67b9b3bb402c417bf17a7e335cc4c0e7b377d63f,false,22221.444444444444444444,1,2026-08-04T13:43:27Z,2026-08-04T13:43:27Z
Bithumb,0x0f5d1d63647342ff0fbe2f1ee879786c48f143ad,40,0xf73acb4c189a49523855ecabcca4a08b12cf002e,false,21444.444444444444444444,1,2026-08-04T13:22:07Z,2026-08-04T13:22:07Z
Bithumb,0x0f5d1d63647342ff0fbe2f1ee879786c48f143ad,41,0x1945db89eeb4e47e94cc805731a5efd12278aae9,false,20000,1,2026-08-04T13:49:23Z,2026-08-04T13:49:23Z
Bithumb,0x0f5d1d63647342ff0fbe2f1ee879786c48f143ad,42,0x6b6af4fd0542e92ba9914aa74d1ee4aec3a5a0a0,false,20000,1,2026-08-04T13:59:33Z,2026-08-04T13:59:33Z
Bithumb,0x0f5d1d63647342ff0fbe2f1ee879786c48f143ad,43,0xae0eaa673a289671c3eccfa5419f5dd9bd787a54,false,19333.130383399050785984,1,2026-08-04T13:46:49Z,2026-08-04T13:46:49Z
Bithumb,0x0f5d1d63647342ff0fbe2f1ee879786c48f143ad,44,0x3d6745d7d6ee3bc7c4db04e1fe81015dcb783563,false,18167.10639,1,2026-08-04T13:58:11Z,2026-08-04T13:58:11Z
Bithumb,0x0f5d1d63647342ff0fbe2f1ee879786c48f143ad,45,0x3a71a40c92c689f9c756eb388f0672bda6fb03a1,false,18111.11111111111,2,2026-08-04T13:50:39Z,2026-08-04T13:51:35Z
Bithumb,0x0f5d1d63647342ff0fbe2f1ee879786c48f143ad,46,0xfcf4d66e2f827a364bf128ba102fbcec237d8003,false,16144.893917619831218143,1,2026-08-04T13:53:11Z,2026-08-04T13:53:11Z
Bithumb,0x0f5d1d63647342ff0fbe2f1ee879786c48f143ad,47,0x128c3a46fdb71d2a44f63b14bec42af3b6b89e2d,false,16000,2,2026-08-04T13:57:29Z,2026-08-04T13:57:51Z
Bithumb,0x0f5d1d63647342ff0fbe2f1ee879786c48f143ad,48,0x6f99a1c28c4543d3b424fec5e264c509daf4c776,false,15645.18658829355319296,1,2026-08-04T13:44:41Z,2026-08-04T13:44:41Z
Bithumb,0x0f5d1d63647342ff0fbe2f1ee879786c48f143ad,49,0x6dd5937104bdcbc5c0a02bac8a3e68d4ce24d7de,false,15555.555555555555555555,1,2026-08-04T13:33:37Z,2026-08-04T13:33:37Z
Bithumb,0x0f5d1d63647342ff0fbe2f1ee879786c48f143ad,50,0x5b6523234b5e27a003285b36e8706b573af10e72,false,14000,3,2026-08-04T13:21:07Z,2026-08-04T13:25:19Z
Bithumb,0x0f5d1d63647342ff0fbe2f1ee879786c48f143ad,51,0x3ec6cc2bf6ca2afb7b7dd0af01af738040746db3,false,13983.444053392297387351,2,2026-08-04T13:37:45Z,2026-08-04T13:40:15Z
Bithumb,0x0f5d1d63647342ff0fbe2f1ee879786c48f143ad,52,0x5dda066f2556043e4ab5b9dbe6da457fdc7c04af,false,13607.565242906712355145,1,2026-08-04T13:48:55Z,2026-08-04T13:48:55Z
Bithumb,0x0f5d1d63647342ff0fbe2f1ee879786c48f143ad,53,0x1d0b88ab201701690780c5ed7494aff261fe88f8,false,13500,3,2026-08-04T13:24:49Z,2026-08-04T13:30:05Z
Bithumb,0x0f5d1d63647342ff0fbe2f1ee879786c48f143ad,54,0x9fd11daab9ae80f38c4ce1ce3966958ee833fc76,false,13268.267442270634932798,1,2026-08-04T13:22:41Z,2026-08-04T13:22:41Z
Bithumb,0x0f5d1d63647342ff0fbe2f1ee879786c48f143ad,55,0x7eafb6d8bde8ab8744ab7f263d289e4ec290cc46,false,13222,2,2026-08-04T13:23:11Z,2026-08-04T13:38:23Z
Bithumb,0x0f5d1d63647342ff0fbe2f1ee879786c48f143ad,56,0xb3a80eea3586ab57c411afb7551117d166d82554,false,12276.52500075655275149,1,2026-08-04T13:33:17Z,2026-08-04T13:33:17Z
Bithumb,0x0f5d1d63647342ff0fbe2f1ee879786c48f143ad,57,0x209de607d6c990cf32ab541cede7d7c8d0a40f5b,false,12089.121874399424512059,1,2026-08-04T13:47:39Z,2026-08-04T13:47:39Z
Bithumb,0x0f5d1d63647342ff0fbe2f1ee879786c48f143ad,58,0x34cadf1c104b87416b7f690585cd8d0ddac192fa,false,11820.332890426390989669,2,2026-08-04T13:33:33Z,2026-08-04T14:03:45Z
Bithumb,0x0f5d1d63647342ff0fbe2f1ee879786c48f143ad,59,0x6ee96b8a638b4362b3287459a1851b3084b50585,false,11122.222222222222222222,2,2026-08-04T13:49:53Z,2026-08-04T13:50:43Z
Bithumb,0x0f5d1d63647342ff0fbe2f1ee879786c48f143ad,60,0x61b0f9f4aeb02c0b054661690d736c47be9fb439,false,11111.112222222222222222,1,2026-08-04T13:41:29Z,2026-08-04T13:41:29Z
Bithumb,0x0f5d1d63647342ff0fbe2f1ee879786c48f143ad,61,0x703fdb3878fe6e89066b183ad78d5855aca1c1cc,false,11111.111111111111111111,1,2026-08-04T13:35:37Z,2026-08-04T13:35:37Z
Bithumb,0x0f5d1d63647342ff0fbe2f1ee879786c48f143ad,62,0x22bdd9b44e73d5f01676150d840dadd8a898af3e,false,10511.157323345913864621,1,2026-08-04T13:21:51Z,2026-08-04T13:21:51Z
Bithumb,0x0f5d1d63647342ff0fbe2f1ee879786c48f143ad,63,0xa253dab3ec876ea5b06694969d2b0cdd9e3f42dc,false,10500,2,2026-08-04T13:37:53Z,2026-08-04T13:48:01Z
Bithumb,0x0f5d1d63647342ff0fbe2f1ee879786c48f143ad,64,0x4136e5a4ffb95bbf9b2d80f568d513a5cec2c75a,false,10070.919309705501001803,1,2026-08-04T13:31:13Z,2026-08-04T13:31:13Z
Bithumb,0x0f5d1d63647342ff0fbe2f1ee879786c48f143ad,65,0x0cebc6ef2c32d1049d3e7da2121465dd305eef9b,false,10000.405432424887917721,1,2026-08-04T13:30:23Z,2026-08-04T13:30:23Z
Bithumb,0x0f5d1d63647342ff0fbe2f1ee879786c48f143ad,66,0x8bb7369f98ab7293fbfad3938be95886512ab4d9,false,10000,1,2026-08-04T13:47:49Z,2026-08-04T13:47:49Z
Bithumb,0x0f5d1d63647342ff0fbe2f1ee879786c48f143ad,67,0x5f3d6c835e36544f0fda51e87e6da1d851ca9c6d,false,9941.830365214375167204,1,2026-08-04T13:55:07Z,2026-08-04T13:55:07Z
Bithumb,0x0f5d1d63647342ff0fbe2f1ee879786c48f143ad,68,0xdd992e6045b277366dcc5abc4875f07dd3593e80,false,9100,2,2026-08-04T13:22:13Z,2026-08-04T13:25:29Z
Bithumb,0x0f5d1d63647342ff0fbe2f1ee879786c48f143ad,69,0x064558803333810986763d53577d8047560ea9cc,false,7770.115585458289170859,1,2026-08-04T13:30:35Z,2026-08-04T13:30:35Z
Bithumb,0x0f5d1d63647342ff0fbe2f1ee879786c48f143ad,70,0xdb95d4080f7df01d1331857a734041e17b18e4ac,false,7566,3,2026-08-04T13:25:43Z,2026-08-04T13:26:51Z
Bithumb,0x0f5d1d63647342ff0fbe2f1ee879786c48f143ad,71,0xf62564ec2f0058f56a8b43bfd59eae1675d9d2bd,false,7556,3,2026-08-04T13:32:03Z,2026-08-04T13:43:35Z
Bithumb,0x0f5d1d63647342ff0fbe2f1ee879786c48f143ad,72,0x1a18056eb47ca192e4a277dcb259c8aad3413326,false,7422.04417443871326208,1,2026-08-04T14:07:11Z,2026-08-04T14:07:11Z
Bithumb,0x0f5d1d63647342ff0fbe2f1ee879786c48f143ad,73,0x0011728deb7fb92567ba97c54427019d0bacea83,false,7394.969231743646973208,1,2026-08-04T13:26:05Z,2026-08-04T13:26:05Z
Bithumb,0x0f5d1d63647342ff0fbe2f1ee879786c48f143ad,74,0x9928204f3b0ec24d767c581195b676ff3cf7c871,false,7349,1,2026-08-04T13:57:05Z,2026-08-04T13:57:05Z
Bithumb,0x0f5d1d63647342ff0fbe2f1ee879786c48f143ad,75,0x3909604a8cb633c9262e97c5fa0043af40b1abc3,false,7212,2,2026-08-04T13:30:09Z,2026-08-04T13:38:13Z
Bithumb,0x0f5d1d63647342ff0fbe2f1ee879786c48f143ad,76,0x1ff78ce13afeb4d04eb4cb0fc211ef6facc8c357,false,6587.455833433534472162,1,2026-08-04T13:31:55Z,2026-08-04T13:31:55Z
Bithumb,0x0f5d1d63647342ff0fbe2f1ee879786c48f143ad,77,0x8d401fef9f2250424b76ececd9a857227b58df8e,false,6563.412320877637589534,1,2026-08-04T13:23:03Z,2026-08-04T13:23:03Z
Bithumb,0x0f5d1d63647342ff0fbe2f1ee879786c48f143ad,78,0xa8b0be11d567e128981793deb549333aa8440390,false,6500.204013888976740543,1,2026-08-04T14:01:29Z,2026-08-04T14:01:29Z
Bithumb,0x0f5d1d63647342ff0fbe2f1ee879786c48f143ad,79,0xf748aa5944508044329f10e3d23ccf0dfd2ae496,false,6036.758068726864228986,1,2026-08-04T13:42:19Z,2026-08-04T13:42:19Z
Bithumb,0x0f5d1d63647342ff0fbe2f1ee879786c48f143ad,80,0xde03db9bc55050f2bc5e0c773163f5b3c243d3f1,false,6000,2,2026-08-04T13:38:13Z,2026-08-04T13:46:27Z
Bithumb,0x0f5d1d63647342ff0fbe2f1ee879786c48f143ad,81,0x3b0813b40f63fcf45c441aaa793c68f31b3bfe22,false,5555.555555555555555555,1,2026-08-04T13:24:39Z,2026-08-04T13:24:39Z
Bithumb,0x0f5d1d63647342ff0fbe2f1ee879786c48f143ad,82,0x112e643057201e738b7eca66de342dbeacb821e0,false,5500,1,2026-08-04T13:40:33Z,2026-08-04T13:40:33Z
Bithumb,0x0f5d1d63647342ff0fbe2f1ee879786c48f143ad,83,0x843c8b6320e5762898bf35d11bcbe489a99451e4,false,5054.528817720402184977,1,2026-08-04T13:49:57Z,2026-08-04T13:49:57Z
Bithumb,0x0f5d1d63647342ff0fbe2f1ee879786c48f143ad,84,0xc3710a7622251939fbaf5c7e9caddeedba997928,false,5000,3,2026-08-04T13:22:43Z,2026-08-04T13:30:13Z
Bithumb,0x0f5d1d63647342ff0fbe2f1ee879786c48f143ad,85,0xdd949c159a6d8494d4dadfc709e1424ee06d8241,false,5000,1,2026-08-04T13:48:53Z,2026-08-04T13:48:53Z
Bithumb,0x0f5d1d63647342ff0fbe2f1ee879786c48f143ad,86,0x2f5f8e0468f2a5cce210bfa0bdbb514698fa624d,false,4800,1,2026-08-04T13:41:09Z,2026-08-04T13:41:09Z
Bithumb,0x0f5d1d63647342ff0fbe2f1ee879786c48f143ad,87,0x346d0c024e3cf1f8b3f04194a8a4bb18b5074212,false,4652.586519161360963913,1,2026-08-04T13:47:39Z,2026-08-04T13:47:39Z
Bithumb,0x0f5d1d63647342ff0fbe2f1ee879786c48f143ad,88,0x9be6b1b7d183fc48888311d9f7d91870fdf734b2,false,4111.111111111111111111,1,2026-08-04T13:31:53Z,2026-08-04T13:31:53Z
Bithumb,0x0f5d1d63647342ff0fbe2f1ee879786c48f143ad,89,0x07e08967dca8501b1b0a02433127ea4f197b1689,false,4000,1,2026-08-04T13:51:39Z,2026-08-04T13:51:39Z
Bithumb,0x0f5d1d63647342ff0fbe2f1ee879786c48f143ad,90,0x62a9460a689e01314f60eea02011dced1293d2d7,false,3985.576646933323566383,1,2026-08-04T13:47:49Z,2026-08-04T13:47:49Z
Bithumb,0x0f5d1d63647342ff0fbe2f1ee879786c48f143ad,91,0x731599bc7ebcc1475d6d9b3fe27a668441166dae,false,3930.994476514115442758,1,2026-08-04T13:46:43Z,2026-08-04T13:46:43Z
Bithumb,0x0f5d1d63647342ff0fbe2f1ee879786c48f143ad,92,0x3a91a8ebded5979330fda2324f66afeacd16f6fe,false,3876.431707786437440686,1,2026-08-04T13:44:03Z,2026-08-04T13:44:03Z
Bithumb,0x0f5d1d63647342ff0fbe2f1ee879786c48f143ad,93,0x3208c71ae37c51378593cf38256f5ed2b6b8d543,false,3742,1,2026-08-04T13:21:23Z,2026-08-04T13:21:23Z
Bithumb,0x0f5d1d63647342ff0fbe2f1ee879786c48f143ad,94,0xd21e15a4273bf8857c8c7cc559e57cebd6780c7f,false,2847.973882935385491929,1,2026-08-04T13:49:07Z,2026-08-04T13:49:07Z
Bithumb,0x0f5d1d63647342ff0fbe2f1ee879786c48f143ad,95,0x87171ff2fd6d6ff65ec9fafb245f59c8954f19e7,false,2212.416330221504391688,1,2026-08-04T13:38:33Z,2026-08-04T13:38:33Z
Bithumb,0x0f5d1d63647342ff0fbe2f1ee879786c48f143ad,96,0x8922dc0db9f9f9c1b2b8630048bcac78c27dff68,false,2000.666666666666666666,1,2026-08-04T13:31:13Z,2026-08-04T13:31:13Z
Bithumb,0x0f5d1d63647342ff0fbe2f1ee879786c48f143ad,97,0x22605a901a3f0333e0decc5618f48e3c25141dbd,false,2000,1,2026-08-04T13:45:47Z,2026-08-04T13:45:47Z
Bithumb,0x0f5d1d63647342ff0fbe2f1ee879786c48f143ad,98,0xd02b8a966ff5d3d0c43ff47d44e5d1c928d7b6f3,false,1977.539062500000000001,1,2026-08-04T13:31:49Z,2026-08-04T13:31:49Z
Bithumb,0x0f5d1d63647342ff0fbe2f1ee879786c48f143ad,99,0xa42571e3bbef471227431cf222bff75325041c58,false,1767.101063241195343615,1,2026-08-04T13:25:03Z,2026-08-04T13:25:03Z
Bithumb,0x0f5d1d63647342ff0fbe2f1ee879786c48f143ad,100,0x3676358dfdf7186da2a6d0aba9e8947381fce112,false,1500,1,2026-08-04T13:29:33Z,2026-08-04T13:29:33Z
Bithumb,0x65513d9cd1927054f68eb55d93f1dfc67bc4c24d,1,0xdb79ae287fd6145a7690410d189221fb96ce327a,false,300002,2,2026-08-04T13:04:59Z,2026-08-04T13:05:51Z
Bithumb,0x65513d9cd1927054f68eb55d93f1dfc67bc4c24d,2,0x65e5cae76de279cd4f26cc115146285ee9c9f875,false,177777.777777777777777777,1,2026-08-04T13:14:17Z,2026-08-04T13:14:17Z
Bithumb,0x65513d9cd1927054f68eb55d93f1dfc67bc4c24d,3,0x1841d59746e3c61d0fc30952aa8100169e41dff6,false,109343,2,2026-08-04T13:06:43Z,2026-08-04T13:10:17Z
Bithumb,0x65513d9cd1927054f68eb55d93f1dfc67bc4c24d,4,0x3d6745d7d6ee3bc7c4db04e1fe81015dcb783563,false,100000,1,2026-08-04T13:10:47Z,2026-08-04T13:10:47Z
Bithumb,0x65513d9cd1927054f68eb55d93f1dfc67bc4c24d,5,0xf078acec79886ca46a3f2879e894ab36c05a2653,false,64111.111111111111111111,1,2026-08-04T13:10:43Z,2026-08-04T13:10:43Z
Bithumb,0x65513d9cd1927054f68eb55d93f1dfc67bc4c24d,6,0x9cb237fe2595aba7f907a24d40c868d291a7cbec,false,55556.111111111111111111,2,2026-08-04T13:11:23Z,2026-08-04T13:15:43Z
Bithumb,0x65513d9cd1927054f68eb55d93f1dfc67bc4c24d,7,0x7c17ab123e19766a4dedd1dfd5aa8839edc2a66a,false,55550.056111111111111111,2,2026-08-04T13:05:47Z,2026-08-04T13:17:45Z
Bithumb,0x65513d9cd1927054f68eb55d93f1dfc67bc4c24d,8,0x9066ea0a1a2559031af52119ea357fc3bc72d454,false,30100,2,2026-08-04T13:05:47Z,2026-08-04T13:12:43Z
Bithumb,0x65513d9cd1927054f68eb55d93f1dfc67bc4c24d,9,0x1c00800cba172f3b36442e13d4c8b77336b41d32,false,25000,1,2026-08-04T13:17:33Z,2026-08-04T13:17:33Z
Bithumb,0x65513d9cd1927054f68eb55d93f1dfc67bc4c24d,10,0xbf43667f18c1011947e47201ed9d96c34cb2d5df,false,22222.22222,2,2026-08-04T13:09:47Z,2026-08-04T13:12:39Z
Bithumb,0x65513d9cd1927054f68eb55d93f1dfc67bc4c24d,11,0x5a18e5db1649765ec8266ba3b102280a89c9062b,false,22128.092994260488650804,1,2026-08-04T13:13:03Z,2026-08-04T13:13:03Z
Bithumb,0x65513d9cd1927054f68eb55d93f1dfc67bc4c24d,12,0x7a76f8325dcb3c32d206a02f0fed4b0aceac00cb,false,18888.888888888888888888,1,2026-08-04T13:04:37Z,2026-08-04T13:04:37Z
Bithumb,0x65513d9cd1927054f68eb55d93f1dfc67bc4c24d,13,0x3ec6cc2bf6ca2afb7b7dd0af01af738040746db3,false,16269.112532905596124597,2,2026-08-04T13:05:07Z,2026-08-04T13:16:43Z
Bithumb,0x65513d9cd1927054f68eb55d93f1dfc67bc4c24d,14,0x9fd11daab9ae80f38c4ce1ce3966958ee833fc76,false,16233.574012643528843534,1,2026-08-04T13:20:43Z,2026-08-04T13:20:43Z
Bithumb,0x65513d9cd1927054f68eb55d93f1dfc67bc4c24d,15,0x57c06c27f97dfcc11651e30cbdf80d07d1688b2e,false,15633.1282531300464186,1,2026-08-04T13:16:23Z,2026-08-04T13:16:23Z
Bithumb,0x65513d9cd1927054f68eb55d93f1dfc67bc4c24d,16,0xda0097ea75f26e5b6977d6ae894a1f021d098189,false,12777.777777777777777777,1,2026-08-04T13:11:53Z,2026-08-04T13:11:53Z
Bithumb,0x65513d9cd1927054f68eb55d93f1dfc67bc4c24d,17,0x3e11994d4569286dc544fa6d9b0babe6ac687c41,false,12622.222222222222222222,2,2026-08-04T13:03:13Z,2026-08-04T13:06:07Z
Bithumb,0x65513d9cd1927054f68eb55d93f1dfc67bc4c24d,18,0x34cadf1c104b87416b7f690585cd8d0ddac192fa,false,12548.058111350837921806,2,2026-08-04T13:13:21Z,2026-08-04T13:15:47Z
Bithumb,0x65513d9cd1927054f68eb55d93f1dfc67bc4c24d,19,0x98203bc3be5795bb9266b91561031219a50738ba,false,11111,1,2026-08-04T13:04:23Z,2026-08-04T13:04:23Z
Bithumb,0x65513d9cd1927054f68eb55d93f1dfc67bc4c24d,20,0x3b0813b40f63fcf45c441aaa793c68f31b3bfe22,false,10000,1,2026-08-04T13:19:47Z,2026-08-04T13:19:47Z
Bithumb,0x65513d9cd1927054f68eb55d93f1dfc67bc4c24d,21,0x573ca8e4cdce552adef1261b89a46e998a510ee9,false,10000,1,2026-08-04T13:09:35Z,2026-08-04T13:09:35Z
Bithumb,0x65513d9cd1927054f68eb55d93f1dfc67bc4c24d,22,0x04a6a082cfc338fbcfbbe1623522dc638a7894d6,false,8200.00000000000033704,3,2026-08-04T13:08:59Z,2026-08-04T13:17:35Z
Bithumb,0x65513d9cd1927054f68eb55d93f1dfc67bc4c24d,23,0x5b6523234b5e27a003285b36e8706b573af10e72,false,8000,1,2026-08-04T13:20:59Z,2026-08-04T13:20:59Z
Bithumb,0x65513d9cd1927054f68eb55d93f1dfc67bc4c24d,24,0x7eafb6d8bde8ab8744ab7f263d289e4ec290cc46,false,8000,1,2026-08-04T13:14:53Z,2026-08-04T13:14:53Z
Bithumb,0x65513d9cd1927054f68eb55d93f1dfc67bc4c24d,25,0x1ff78ce13afeb4d04eb4cb0fc211ef6facc8c357,false,7708,2,2026-08-04T13:12:17Z,2026-08-04T13:12:55Z
Bithumb,0x65513d9cd1927054f68eb55d93f1dfc67bc4c24d,26,0x639a8ccc54758eeaf10d7b2133e9cfb44ff52d0b,false,7222.222222222222222222,1,2026-08-04T13:05:11Z,2026-08-04T13:05:11Z
Bithumb,0x65513d9cd1927054f68eb55d93f1dfc67bc4c24d,27,0x6a5cd502947b7bbca002137048b2946bb8241181,false,6666.666666666666666666,1,2026-08-04T13:12:43Z,2026-08-04T13:12:43Z
Bithumb,0x65513d9cd1927054f68eb55d93f1dfc67bc4c24d,28,0x144844f00b6886b13d229457da34eb3c0e3caa1c,false,6666,1,2026-08-04T13:19:13Z,2026-08-04T13:19:13Z
Bithumb,0x65513d9cd1927054f68eb55d93f1dfc67bc4c24d,29,0x6801c704ed82326646c51b6eb1e9873d863542b3,false,6611.111111111111111111,1,2026-08-04T13:07:33Z,2026-08-04T13:07:33Z
Bithumb,0x65513d9cd1927054f68eb55d93f1dfc67bc4c24d,30,0x89d6926493352dc97a15786c5e356f55c376c436,false,5555.611111111111111111,1,2026-08-04T13:06:57Z,2026-08-04T13:06:57Z
Bithumb,0x65513d9cd1927054f68eb55d93f1dfc67bc4c24d,31,0x2b1883cfe9020e95feb6189ed35399a35e7ccc1a,false,5500,1,2026-08-04T13:16:37Z,2026-08-04T13:16:37Z
Bithumb,0x65513d9cd1927054f68eb55d93f1dfc67bc4c24d,32,0x843c8b6320e5762898bf35d11bcbe489a99451e4,false,4350,2,2026-08-04T13:18:17Z,2026-08-04T13:18:57Z
Bithumb,0x65513d9cd1927054f68eb55d93f1dfc67bc4c24d,33,0x3a2397860c9225cc22cf66256d1825d10cecf729,false,3893.270408364327037112,1,2026-08-04T13:13:27Z,2026-08-04T13:13:27Z
Bithumb,0x65513d9cd1927054f68eb55d93f1dfc67bc4c24d,34,0x669985b539433fffc8a875a0eeb528ed13ee12f8,false,3722,2,2026-08-04T13:13:41Z,2026-08-04T13:14:37Z
Bithumb,0x65513d9cd1927054f68eb55d93f1dfc67bc4c24d,35,0x1033266455fabdc4c9f9ed4d4c708b977371342d,false,3111.11111,1,2026-08-04T13:18:57Z,2026-08-04T13:18:57Z
Bithumb,0x65513d9cd1927054f68eb55d93f1dfc67bc4c24d,36,0xe0f908411ef8b16081dd613e99a687b5502c0827,false,3000,1,2026-08-04T13:19:27Z,2026-08-04T13:19:27Z
Bithumb,0x65513d9cd1927054f68eb55d93f1dfc67bc4c24d,37,0x7f2cf5963137633edad7f5c818103540e4d6b76e,false,2570.2,1,2026-08-04T13:09:47Z,2026-08-04T13:09:47Z
Bithumb,0x65513d9cd1927054f68eb55d93f1dfc67bc4c24d,38,0xea6f346d862f564ea01f6cc93eee81bed80398a9,false,1582.787524831735658974,1,2026-08-04T13:01:27Z,2026-08-04T13:01:27Z
Bithumb,0x65513d9cd1927054f68eb55d93f1dfc67bc4c24d,39,0xca327cc13e0f71b21f27d2345a5861135bc1bb75,false,1476.353382489415486387,1,2026-08-04T13:20:57Z,2026-08-04T13:20:57Z
Bithumb,0x65513d9cd1927054f68eb55d93f1dfc67bc4c24d,40,0x25fdcdd069ea241a85e7b26dc93c2f37913b0503,false,1111,1,2026-08-04T13:17:13Z,2026-08-04T13:17:13Z
Bithumb,0x65513d9cd1927054f68eb55d93f1dfc67bc4c24d,41,0xd21e15a4273bf8857c8c7cc559e57cebd6780c7f,false,1000,1,2026-08-04T13:08:23Z,2026-08-04T13:08:23Z
Bithumb,0x65513d9cd1927054f68eb55d93f1dfc67bc4c24d,42,0x22f406bb55117d5f88b578bfa4a9bc4c262d00b4,false,938.71879874159739218,1,2026-08-04T12:59:17Z,2026-08-04T12:59:17Z
Bithumb,0x65513d9cd1927054f68eb55d93f1dfc67bc4c24d,43,0x8898f68fe197ed8a19c3ac2a58881fd3d20009ae,false,722,1,2026-08-04T13:06:07Z,2026-08-04T13:06:07Z
Bithumb,0x65513d9cd1927054f68eb55d93f1dfc67bc4c24d,44,0x3676358dfdf7186da2a6d0aba9e8947381fce112,false,100,1,2026-08-04T13:19:13Z,2026-08-04T13:19:13Z
Bithumb,0x65513d9cd1927054f68eb55d93f1dfc67bc4c24d,45,0x74f47a9f93f86ebbab94d758a63c43d55ae73f52,false,80,1,2026-08-04T13:14:37Z,2026-08-04T13:14:37Z
Bithumb,0x65513d9cd1927054f68eb55d93f1dfc67bc4c24d,46,0xbf3f052129f3c2235bd19abecb8f41fc595fb4b6,false,39,1,2026-08-04T13:13:03Z,2026-08-04T13:13:03Z
Bithumb,0x65513d9cd1927054f68eb55d93f1dfc67bc4c24d,47,0x3909604a8cb633c9262e97c5fa0043af40b1abc3,false,10,1,2026-08-04T13:20:13Z,2026-08-04T13:20:13Z
Bithumb,0x65513d9cd1927054f68eb55d93f1dfc67bc4c24d,48,0x0f5d1d63647342ff0fbe2f1ee879786c48f143ad,true,0.00001,1,2026-08-04T13:14:03Z,2026-08-04T13:14:03Z
