exchange,rank,address,depositAmountQuid,depositTransferCount,firstDepositAt,lastDepositAt,targetHotWallets,inTop100
Upbit,1,0xd62555ab18ea8fa8566eea8e117b9e3ee4212d97,3518503.959366911627603145,3,2026-08-04T13:30:47Z,2026-08-04T14:06:33Z,0x07003d24d866a705af126a23d4ea4ac4ed85e02f;0xee9345326f336b86c8d0529b8a1b874041f81877,true
Upbit,2,0x2172c5964e1a999da236a97f2898eff67210de5a,925974.832567377682550836,1,2026-08-04T13:48:03Z,2026-08-04T13:48:03Z,0x99c39d665c353920ada681b306a927d14978a345,true
Upbit,3,0x1af2517b9146c7ec25c014efeee61cf13bddf756,800550,2,2026-08-04T13:40:53Z,2026-08-04T13:48:15Z,0x07003d24d866a705af126a23d4ea4ac4ed85e02f;0x99c39d665c353920ada681b306a927d14978a345,true
Upbit,4,0xc340579810fb4775957347552e056ddf0d65910a,752042.157526190580483354,2,2026-08-04T13:25:39Z,2026-08-04T13:25:45Z,0x99c39d665c353920ada681b306a927d14978a345,true
Upbit,5,0x8c795060e7a0d4304d1f565c61480fad3cf0e025,746321.375670080789262425,1,2026-08-04T13:25:39Z,2026-08-04T13:25:39Z,0x99c39d665c353920ada681b306a927d14978a345,true
Upbit,6,0x6dad34d67d76f453369efd06216ba85f00d117b5,741746.516453897023691817,2,2026-08-04T13:35:27Z,2026-08-04T13:51:21Z,0x07003d24d866a705af126a23d4ea4ac4ed85e02f;0xee9345326f336b86c8d0529b8a1b874041f81877,true
Upbit,7,0x3f9cbe896566b60d7ce228bc740dd2744ada67b5,659817.578500114462876371,1,2026-08-04T14:06:41Z,2026-08-04T14:06:41Z,0x07003d24d866a705af126a23d4ea4ac4ed85e02f,true
Upbit,8,0x83038f3182e5cef9a50e2b770bff1a4056b03376,534688.615950527273344243,2,2026-08-04T13:48:05Z,2026-08-04T13:50:55Z,0x99c39d665c353920ada681b306a927d14978a345;0xee9345326f336b86c8d0529b8a1b874041f81877,true
Upbit,9,0xb2bf0d24e21e8f36c543ba1e899c568417761a39,522705.491048356924764562,1,2026-08-04T13:51:25Z,2026-08-04T13:51:25Z,0xee9345326f336b86c8d0529b8a1b874041f81877,true
Upbit,10,0x791235d39819e989a12ac4218fcdd24e48ea80f4,435519.629618447619432694,1,2026-08-04T13:48:31Z,2026-08-04T13:48:31Z,0x99c39d665c353920ada681b306a927d14978a345,true
Upbit,11,0x1da712b8140195ea524ce02ddb721aa6e38193bd,428846.346187488505073261,2,2026-08-04T13:48:15Z,2026-08-04T13:51:17Z,0x99c39d665c353920ada681b306a927d14978a345;0xee9345326f336b86c8d0529b8a1b874041f81877,true
Upbit,12,0x7be95e473627d0c2b13b774a5bdf125c5236be96,400000,1,2026-08-04T13:41:01Z,2026-08-04T13:41:01Z,0x07003d24d866a705af126a23d4ea4ac4ed85e02f,true
Upbit,13,0xeb87729d01deba5cb7a5abdd80e271ab402ad705,338617.373555622478473541,3,2026-08-04T13:40:47Z,2026-08-04T14:06:35Z,0x07003d24d866a705af126a23d4ea4ac4ed85e02f;0xee9345326f336b86c8d0529b8a1b874041f81877,true
Upbit,14,0x4193d6164912888abb8eb2a093929bcf4a240066,300000,1,2026-08-04T13:35:45Z,2026-08-04T13:35:45Z,0x07003d24d866a705af126a23d4ea4ac4ed85e02f,true
Upbit,15,0xbae6576e76f7a09d7fd779928c63d417aa446bea,298033.6112,3,2026-08-04T13:40:47Z,2026-08-04T14:06:31Z,0x07003d24d866a705af126a23d4ea4ac4ed85e02f;0xee9345326f336b86c8d0529b8a1b874041f81877,true
Upbit,16,0x3257772c9dbaf4feeba95e9938923054e3639565,282265.761156532454780045,1,2026-08-04T14:06:27Z,2026-08-04T14:06:27Z,0x07003d24d866a705af126a23d4ea4ac4ed85e02f,true
Upbit,17,0x6977adaaa47e2bd3e26a3aa2bae5a472aea2f259,281467.823651732373356634,3,2026-08-04T13:20:27Z,2026-08-04T13:51:15Z,0x07003d24d866a705af126a23d4ea4ac4ed85e02f;0xee9345326f336b86c8d0529b8a1b874041f81877,true
Upbit,18,0xe4eba9bb8de1a5b3667e81d553d2ed19d93d446c,275256.895120868716212362,2,2026-08-04T13:30:49Z,2026-08-04T14:06:33Z,0x07003d24d866a705af126a23d4ea4ac4ed85e02f;0xee9345326f336b86c8d0529b8a1b874041f81877,true
Upbit,19,0xdba7aaee7854dc170ecbe47be0060d57349bdb70,247202.110539839253110092,2,2026-08-04T13:40:45Z,2026-08-04T13:50:57Z,0x07003d24d866a705af126a23d4ea4ac4ed85e02f;0xee9345326f336b86c8d0529b8a1b874041f81877,true
Upbit,20,0x96586d96e8bafaa2af5ef37dc95958b9b454f208,246823.296272516170934258,1,2026-08-04T13:48:35Z,2026-08-04T13:48:35Z,0x99c39d665c353920ada681b306a927d14978a345,true
Upbit,21,0x4ecca4d8ca05e02e6c5dd9087d29fbbf39e8b90c,220202.114049922512896788,1,2026-08-04T13:48:27Z,2026-08-04T13:48:27Z,0x99c39d665c353920ada681b306a927d14978a345,true
Upbit,22,0x9d92be3ee14373d96fa35a17cd93a8c67673b354,214179.928013172404978782,2,2026-08-04T13:48:37Z,2026-08-04T14:06:31Z,0x07003d24d866a705af126a23d4ea4ac4ed85e02f;0x99c39d665c353920ada681b306a927d14978a345,true
Upbit,23,0x57517903c5faaaa6b2cfd405923ed96da2450fd8,196798.527216854459817648,6,2026-08-04T13:20:27Z,2026-08-04T14:06:29Z,0x07003d24d866a705af126a23d4ea4ac4ed85e02f;0x99c39d665c353920ada681b306a927d14978a345;0xee9345326f336b86c8d0529b8a1b874041f81877,true
Upbit,24,0x073778f1f9960b697a79fcd9e0069ca8165d4dc2,194965.548560087927827324,4,2026-08-04T13:25:49Z,2026-08-04T13:51:13Z,0x07003d24d866a705af126a23d4ea4ac4ed85e02f;0x99c39d665c353920ada681b306a927d14978a345;0xee9345326f336b86c8d0529b8a1b874041f81877,true
Upbit,25,0x64974a46b81611132303714a1e476beb888b0c00,188888.888888888888888888,1,2026-08-04T13:51:21Z,2026-08-04T13:51:21Z,0xee9345326f336b86c8d0529b8a1b874041f81877,true
Upbit,26,0xfe53331181293e8cdf056d032ba3dbf38519429d,186847.944985193262256204,1,2026-08-04T13:51:05Z,2026-08-04T13:51:05Z,0xee9345326f336b86c8d0529b8a1b874041f81877,true
Upbit,27,0x1571a419a73589b5be9f0df5694897d5b3d74de5,182908.263414520655298674,3,2026-08-04T13:35:49Z,2026-08-04T13:48:11Z,0x07003d24d866a705af126a23d4ea4ac4ed85e02f;0x99c39d665c353920ada681b306a927d14978a345,true
Upbit,28,0xe49575e4711c2820f15d8d31a500ac3c9871fd2c,181061.7518792058938829,2,2026-08-04T13:50:53Z,2026-08-04T14:06:33Z,0x07003d24d866a705af126a23d4ea4ac4ed85e02f;0xee9345326f336b86c8d0529b8a1b874041f81877,true
Upbit,29,0x663133d5a75f13213e1ac08d054e4e10a8f9c556,180146.412963251297441361,1,2026-08-04T13:48:03Z,2026-08-04T13:48:03Z,0x99c39d665c353920ada681b306a927d14978a345,true
Upbit,30,0x79869697b5452d44048fde85340ab7c9295c864d,178317.590184924615934741,2,2026-08-04T13:40:43Z,2026-08-04T14:06:37Z,0x07003d24d866a705af126a23d4ea4ac4ed85e02f,true
Upbit,31,0x721af2f3b17e4b380be8f535d105179d82b9dcb5,177777.777777777777777777,1,2026-08-04T13:48:05Z,2026-08-04T13:48:05Z,0x99c39d665c353920ada681b306a927d14978a345,true
Upbit,32,0x44d962e79653e32b2fa6d7a705650749d015fa94,171486.57,2,2026-08-04T13:30:59Z,2026-08-04T13:48:25Z,0x99c39d665c353920ada681b306a927d14978a345;0xee9345326f336b86c8d0529b8a1b874041f81877,true
Upbit,33,0x8f1748437c4c4105e9c9ec36d26ef9fdd06d0a1c,166666.666666666666666666,2,2026-08-04T13:20:31Z,2026-08-04T13:25:43Z,0x07003d24d866a705af126a23d4ea4ac4ed85e02f;0x99c39d665c353920ada681b306a927d14978a345,true
Upbit,34,0xabbd22a35001c8d9257884f5a5ae10a4a3dd0516,162310.682614681144166571,3,2026-08-04T13:30:43Z,2026-08-04T13:51:11Z,0x99c39d665c353920ada681b306a927d14978a345;0xee9345326f336b86c8d0529b8a1b874041f81877,true
Upbit,35,0x47283d8e38489ca2783a561c57f12e793dafba5a,159216.959571099574472125,2,2026-08-04T13:48:27Z,2026-08-04T14:06:41Z,0x07003d24d866a705af126a23d4ea4ac4ed85e02f;0x99c39d665c353920ada681b306a927d14978a345,true
Upbit,36,0xcebd1a277d29eb284171c9c78f4ef08006fcfa17,158754.08923882919063897,1,2026-08-04T13:50:57Z,2026-08-04T13:50:57Z,0xee9345326f336b86c8d0529b8a1b874041f81877,true
Upbit,37,0x740bb7a07ebaf211af52728d5eef625e9aeed40d,158350.907788336414726168,1,2026-08-04T14:06:39Z,2026-08-04T14:06:39Z,0x07003d24d866a705af126a23d4ea4ac4ed85e02f,true
Upbit,38,0x1f3614d091c66405436c81f4b9ec49be4037c7b1,153365.243240687582324321,3,2026-08-04T13:47:57Z,2026-08-04T14:06:43Z,0x07003d24d866a705af126a23d4ea4ac4ed85e02f;0x99c39d665c353920ada681b306a927d14978a345;0xee9345326f336b86c8d0529b8a1b874041f81877,true
Upbit,39,0x15e3b2a75640ae7e3dc1079fd06334fc6bf5439d,150200,2,2026-08-04T13:48:01Z,2026-08-04T14:06:43Z,0x07003d24d866a705af126a23d4ea4ac4ed85e02f;0x99c39d665c353920ada681b306a927d14978a345,true
Upbit,40,0xed0aca8812fdb07373c6aedc00d177d1272855a7,150000,1,2026-08-04T13:51:13Z,2026-08-04T13:51:13Z,0xee9345326f336b86c8d0529b8a1b874041f81877,true
Upbit,41,0x86be8035ace79b6235e4c4844ba2c2a3338e2702,146955.968958245956009375,1,2026-08-04T13:51:17Z,2026-08-04T13:51:17Z,0xee9345326f336b86c8d0529b8a1b874041f81877,true
Upbit,42,0x66bedeb80798e67b89f5af2bf57592703d0c0ebd,145852.449206926055325863,2,2026-08-04T13:40:59Z,2026-08-04T13:48:31Z,0x07003d24d866a705af126a23d4ea4ac4ed85e02f;0x99c39d665c353920ada681b306a927d14978a345,true
Upbit,43,0x80f6d5ad3a840796b983f27bb1b240c54bf18965,143839.771822186901456477,1,2026-08-04T13:48:33Z,2026-08-04T13:48:33Z,0x99c39d665c353920ada681b306a927d14978a345,true
Upbit,44,0x19b04a666f67999383c8d4b809fa0d2cfbcd6da1,137901.966944924779893352,1,2026-08-04T13:48:13Z,2026-08-04T13:48:13Z,0x99c39d665c353920ada681b306a927d14978a345,true
Upbit,45,0x31c9b1ee6b754de0b76b32199e244600ab242f59,135100,1,2026-08-04T13:25:41Z,2026-08-04T13:25:41Z,0x99c39d665c353920ada681b306a927d14978a345,true
Upbit,46,0x3d73813545c7ee068da84292f78e3ab6b660707f,131974.609005248468529502,1,2026-08-04T13:20:17Z,2026-08-04T13:20:17Z,0x07003d24d866a705af126a23d4ea4ac4ed85e02f,true
Upbit,47,0x4f271cdf64ec0f612cfda2cd20091e22eeca226a,129439.501632162005466132,2,2026-08-04T13:47:57Z,2026-08-04T14:06:39Z,0x07003d24d866a705af126a23d4ea4ac4ed85e02f;0x99c39d665c353920ada681b306a927d14978a345,true
Upbit,48,0x74828e5393f6a1c63dcafbfc1bb3de36ca81b9be,121222.22222222222,1,2026-08-04T13:48:05Z,2026-08-04T13:48:05Z,0x99c39d665c353920ada681b306a927d14978a345,true
Upbit,49,0xcef8254ac0d7b0491ca06ca5c3901e4749523a97,119952.949154736072781129,2,2026-08-04T13:51:05Z,2026-08-04T14:06:33Z,0x07003d24d866a705af126a23d4ea4ac4ed85e02f;0xee9345326f336b86c8d0529b8a1b874041f81877,true
Upbit,50,0x975e1a8644781c14d4b2570c270cba987d8bf4df,116666,1,2026-08-04T13:30:33Z,2026-08-04T13:30:33Z,0xee9345326f336b86c8d0529b8a1b874041f81877,true
Upbit,51,0xe6a1b633adc647655d73fd514c99a16551a7e414,111111.1,1,2026-08-04T13:30:49Z,2026-08-04T13:30:49Z,0xee9345326f336b86c8d0529b8a1b874041f81877,true
Upbit,52,0x605cd22b33efefa73da23ed9c25d6589ae5bed4e,105000,2,2026-08-04T13:48:29Z,2026-08-04T13:51:19Z,0x99c39d665c353920ada681b306a927d14978a345;0xee9345326f336b86c8d0529b8a1b874041f81877,true
Upbit,53,0x878c6ac33329b70ed181aa78085363ea6cbf6fc2,100011,2,2026-08-04T13:30:47Z,2026-08-04T13:48:33Z,0x99c39d665c353920ada681b306a927d14978a345;0xee9345326f336b86c8d0529b8a1b874041f81877,true
Upbit,54,0x6dcbf9a02c37d907b90f83a75b18e77b98e85735,100000,1,2026-08-04T13:48:31Z,2026-08-04T13:48:31Z,0x99c39d665c353920ada681b306a927d14978a345,true
Upbit,55,0x8de95e3ea4e07f208948ebae550ec32395db00f5,90000,1,2026-08-04T13:25:43Z,2026-08-04T13:25:43Z,0x99c39d665c353920ada681b306a927d14978a345,true
Upbit,56,0x6cd630e29d2bc4ac692a4143a9286a3501ed5add,84190.63833,1,2026-08-04T14:06:39Z,2026-08-04T14:06:39Z,0x07003d24d866a705af126a23d4ea4ac4ed85e02f,true
Upbit,57,0x9487f7b408b8d1f4ad5bddd439ee2e74ef7e4364,82801.733801700274972871,2,2026-08-04T13:48:35Z,2026-08-04T14:06:31Z,0x07003d24d866a705af126a23d4ea4ac4ed85e02f;0x99c39d665c353920ada681b306a927d14978a345,true
Upbit,58,0xc2a275fd99e054158d0c0bcba0539ece489ca1a5,82040.851892779975244588,1,2026-08-04T13:51:01Z,2026-08-04T13:51:01Z,0xee9345326f336b86c8d0529b8a1b874041f81877,true
Upbit,59,0x9a7de3f135c4704e7745c197c206c1297ea3558c,81062,1,2026-08-04T13:48:37Z,2026-08-04T13:48:37Z,0x99c39d665c353920ada681b306a927d14978a345,true
Upbit,60,0x7fa700beb918306743e780db727713029bbe6f97,80358.850295317660337183,2,2026-08-04T13:48:33Z,2026-08-04T13:51:05Z,0x99c39d665c353920ada681b306a927d14978a345;0xee9345326f336b86c8d0529b8a1b874041f81877,true
Upbit,61,0x21d2529e8881db085328b74e5a8ef45c4da62b40,80000,1,2026-08-04T13:48:17Z,2026-08-04T13:48:17Z,0x99c39d665c353920ada681b306a927d14978a345,true
Upbit,62,0x361364e89bbd3bcf851b818dc3c8bf963ef108f0,80000,2,2026-08-04T13:35:47Z,2026-08-04T13:48:21Z,0x07003d24d866a705af126a23d4ea4ac4ed85e02f;0x99c39d665c353920ada681b306a927d14978a345,true
Upbit,63,0x4fc0dcea6f90ad985639a752331b082aeaab1ce1,77777.777777777777777777,1,2026-08-04T13:20:27Z,2026-08-04T13:20:27Z,0x07003d24d866a705af126a23d4ea4ac4ed85e02f,true
Upbit,64,0x433052613de25d7d4a5bcdd8e22d8474ef23259c,77378.544718401986111023,2,2026-08-04T13:48:25Z,2026-08-04T13:50:57Z,0x99c39d665c353920ada681b306a927d14978a345;0xee9345326f336b86c8d0529b8a1b874041f81877,true
Upbit,65,0xf42e52884cc828514cbe35684efdd816c2f878b1,74611.853608886434663493,2,2026-08-04T13:50:53Z,2026-08-04T13:51:13Z,0xee9345326f336b86c8d0529b8a1b874041f81877,true
Upbit,66,0x53f833ef50c7d3faada43ec2cfc476ea39461691,74208.509710234885524531,1,2026-08-04T13:48:27Z,2026-08-04T13:48:27Z,0x99c39d665c353920ada681b306a927d14978a345,true
Upbit,67,0x4a87098f142ec4bf5c4ca30d89478fc74cce9f3d,72330.150263950422901303,1,2026-08-04T13:48:27Z,2026-08-04T13:48:27Z,0x99c39d665c353920ada681b306a927d14978a345,true
Upbit,68,0x2a4a71c97b7c01d9e5df982b9e79354db8bdd18e,70100,2,2026-08-04T13:25:41Z,2026-08-04T13:48:19Z,0x99c39d665c353920ada681b306a927d14978a345,true
Upbit,69,0x36546541fd6b09ea180f0edec52e58adf5378741,66800.184748521400642217,1,2026-08-04T13:48:23Z,2026-08-04T13:48:23Z,0x99c39d665c353920ada681b306a927d14978a345,true
Upbit,70,0x1e40b94d026a58f23fdbc20b8354c816bdd3dac9,66666.666666666666666666,2,2026-08-04T13:20:15Z,2026-08-04T13:35:47Z,0x07003d24d866a705af126a23d4ea4ac4ed85e02f,true
Upbit,71,0x2b6c539135519f4b9520a0ee91a47d86f443565a,66666.66666,1,2026-08-04T13:25:51Z,2026-08-04T13:25:51Z,0x99c39d665c353920ada681b306a927d14978a345,true
Upbit,72,0xf5332cf17a6d5b92c8b024c620a89f97940ebac7,66666.66,1,2026-08-04T13:51:17Z,2026-08-04T13:51:17Z,0xee9345326f336b86c8d0529b8a1b874041f81877,true
Upbit,73,0xf13496ae45fd5255a31ec2d16744f718139f41fc,66374.606285,1,2026-08-04T14:06:37Z,2026-08-04T14:06:37Z,0x07003d24d866a705af126a23d4ea4ac4ed85e02f,true
Upbit,74,0x846b0a320c3397f2880b59095c4b4ae5085cdbd4,65555.666666666666666666,1,2026-08-04T13:35:31Z,2026-08-04T13:35:31Z,0x07003d24d866a705af126a23d4ea4ac4ed85e02f,true
Upbit,75,0x2659ab99ab1aeb782081c6021479f64ba8f1dec5,65183.989404287103709832,2,2026-08-04T13:35:29Z,2026-08-04T14:06:43Z,0x07003d24d866a705af126a23d4ea4ac4ed85e02f,true
Upbit,76,0x3e96e5cb37c153ed8aac45dc0cdb8a91f4341906,64427.524481739668026142,4,2026-08-04T13:30:53Z,2026-08-04T13:51:15Z,0x07003d24d866a705af126a23d4ea4ac4ed85e02f;0x99c39d665c353920ada681b306a927d14978a345;0xee9345326f336b86c8d0529b8a1b874041f81877,true
Upbit,77,0x4137e8670e141d2dc4da94b3dbad8ea5de4a1cfb,63013.686555418785395605,1,2026-08-04T13:48:25Z,2026-08-04T13:48:25Z,0x99c39d665c353920ada681b306a927d14978a345,true
Upbit,78,0x22bb540af3474fbe91ce27b38b3ba1777e684f64,59232.115155060997462334,2,2026-08-04T13:48:17Z,2026-08-04T13:51:15Z,0x99c39d665c353920ada681b306a927d14978a345;0xee9345326f336b86c8d0529b8a1b874041f81877,true
Upbit,79,0x7a06dcd9177a6b789449137e07c7089397e3cba1,57281.986439450795095118,2,2026-08-04T13:20:29Z,2026-08-04T13:48:33Z,0x07003d24d866a705af126a23d4ea4ac4ed85e02f;0x99c39d665c353920ada681b306a927d14978a345,true
Upbit,80,0x4bb60d0b8efdfb4e4c90a3f9ea39f5175a98a533,56191.555583829853570314,1,2026-08-04T13:48:27Z,2026-08-04T13:48:27Z,0x99c39d665c353920ada681b306a927d14978a345,true
Upbit,81,0xf047829979ea207dfac88d9ebb3de4b5baacecdd,55561.055,2,2026-08-04T13:20:31Z,2026-08-04T13:30:51Z,0x07003d24d866a705af126a23d4ea4ac4ed85e02f;0xee9345326f336b86c8d0529b8a1b874041f81877,true
Upbit,82,0xe2ea1951283821cc2784e5a57d50e39cfe30dfa3,55555.555555555555555555,1,2026-08-04T13:35:43Z,2026-08-04T13:35:43Z,0x07003d24d866a705af126a23d4ea4ac4ed85e02f,true
Upbit,83,0x0be3864c30a54610ca3bcd4b036707b22195df00,55555,2,2026-08-04T13:30:53Z,2026-08-04T13:35:49Z,0x07003d24d866a705af126a23d4ea4ac4ed85e02f;0xee9345326f336b86c8d0529b8a1b874041f81877,true
Upbit,84,0x110431d2e294a2a095ca1f86ddf1668ff4f15ece,55444,3,2026-08-04T13:30:53Z,2026-08-04T14:06:37Z,0x07003d24d866a705af126a23d4ea4ac4ed85e02f;0xee9345326f336b86c8d0529b8a1b874041f81877,true
Upbit,85,0x4142fe6dc8fd9a0d0d15d48a04947bb5e01b5cb4,52283.779504699010232822,2,2026-08-04T13:48:25Z,2026-08-04T13:50:57Z,0x99c39d665c353920ada681b306a927d14978a345;0xee9345326f336b86c8d0529b8a1b874041f81877,true
Upbit,86,0x4e85b55ea1536f0f3ab7a7473dd5a43ffc77587c,51566.520730033350551678,1,2026-08-04T14:06:41Z,2026-08-04T14:06:41Z,0x07003d24d866a705af126a23d4ea4ac4ed85e02f,true
Upbit,87,0x5985804d6795ed9653a22a4f9c30e3d33e767c11,50000.393058719656006063,1,2026-08-04T13:48:29Z,2026-08-04T13:48:29Z,0x99c39d665c353920ada681b306a927d14978a345,true
Upbit,88,0x2bcd5ba24b1cf57a846d287acab3f601aceafddf,50000,1,2026-08-04T13:48:03Z,2026-08-04T13:48:03Z,0x99c39d665c353920ada681b306a927d14978a345,true
Upbit,89,0x6c9dc7a7f7d93e93d9229c2de3f4c55d6ff6ad82,50000,1,2026-08-04T13:31:01Z,2026-08-04T13:31:01Z,0xee9345326f336b86c8d0529b8a1b874041f81877,true
Upbit,90,0xd3cc470b31ba849f1b0df862ea4d0ac8921f9c3f,46294.553143374563469582,2,2026-08-04T13:51:07Z,2026-08-04T14:06:29Z,0x07003d24d866a705af126a23d4ea4ac4ed85e02f;0xee9345326f336b86c8d0529b8a1b874041f81877,true
Upbit,91,0xd3c683feebdc85809f4b6644d4194b0e6cfa8962,45374.998891210477251269,3,2026-08-04T13:25:47Z,2026-08-04T13:48:07Z,0x99c39d665c353920ada681b306a927d14978a345;0xee9345326f336b86c8d0529b8a1b874041f81877,true
Upbit,92,0xda78b36288ad896f0faa8617eb0adaa674497ac9,44444,1,2026-08-04T13:51:01Z,2026-08-04T13:51:01Z,0xee9345326f336b86c8d0529b8a1b874041f81877,true
Upbit,93,0xbbf0847d3eb880c08461ae9ced67731c4a041e51,44079.528914143776664083,1,2026-08-04T13:51:01Z,2026-08-04T13:51:01Z,0xee9345326f336b86c8d0529b8a1b874041f81877,true
Upbit,94,0x3a7d7da592fa55c9f5f666e228a9927575495b0e,43000,2,2026-08-04T13:48:23Z,2026-08-04T13:51:15Z,0x99c39d665c353920ada681b306a927d14978a345;0xee9345326f336b86c8d0529b8a1b874041f81877,true
Upbit,95,0x0752b0d325443e1fdeec4c4127d33a9e79660186,42160.386516460314261855,1,2026-08-04T13:48:09Z,2026-08-04T13:48:09Z,0x99c39d665c353920ada681b306a927d14978a345,true
Upbit,96,0x798b811f06ca4036b5c43e29e17ee7c20ac7b2ab,41843.887395,4,2026-08-04T13:35:31Z,2026-08-04T13:51:21Z,0x07003d24d866a705af126a23d4ea4ac4ed85e02f;0x99c39d665c353920ada681b306a927d14978a345;0xee9345326f336b86c8d0529b8a1b874041f81877,true
Upbit,97,0x12437ab88b35d8b402a64b4aa60cd2039306135a,40000,1,2026-08-04T13:48:11Z,2026-08-04T13:48:11Z,0x99c39d665c353920ada681b306a927d14978a345,true
Upbit,98,0xe8fac943663b1ac02537040111c430b179c5d928,40000,2,2026-08-04T13:30:51Z,2026-08-04T13:40:43Z,0x07003d24d866a705af126a23d4ea4ac4ed85e02f;0xee9345326f336b86c8d0529b8a1b874041f81877,true
Upbit,99,0x412f1212b75ffa0ee2e01c14fa693dffec00de69,39309.824415,1,2026-08-04T14:06:41Z,2026-08-04T14:06:41Z,0x07003d24d866a705af126a23d4ea4ac4ed85e02f,true
Upbit,100,0xbf2aae8f45355d78719f0b8df70430722b85888c,38888.888888888888888888,1,2026-08-04T13:20:31Z,2026-08-04T13:20:31Z,0x07003d24d866a705af126a23d4ea4ac4ed85e02f,true
